,hv,std.error,Label
1,0.000507865,0.37186764,Internal
2,0.000400166,-0.373506301,Internal
3,0.000409626,-0.773958271,Internal
4,0.000630077,-0.995197499,Internal
5,0.000422864,-1.489206021,Internal
6,0.000712979,-0.309752958,Internal
7,0.000390465,-0.926849921,Internal
8,0.000392837,0.42292904,Internal
9,0.000975458,0.695011856,Internal
10,0.000646331,0.047351949,Internal
11,0.000398522,-1.955502067,Internal
12,0.001067545,0.582342162,Internal
13,0.000432156,-0.377558712,Internal
14,0.000614733,0.751669737,Internal
15,0.000405052,-0.368068029,Internal
16,0.000595707,0.213498387,Internal
17,0.000605063,-0.565865464,Internal
18,0.000406791,-0.286108453,Internal
19,0.00063632,0.043533767,Internal
20,0.000408821,-0.183416677,Internal
21,0.000484604,-0.146418795,Internal
22,0.000445463,0.1597048,Internal
23,0.001178939,0.730394607,Internal
24,0.000663039,-0.71541275,Internal
25,0.001172518,-0.2840457,Internal
26,0.000555478,-0.252921059,Internal
27,0.000418172,-0.150219352,Internal
28,0.000493747,-0.00401924,Internal
29,0.000907939,-0.811733647,Internal
30,0.000701959,-0.718218124,Internal
31,0.000627121,-0.008787133,Internal
32,0.000618499,-1.440699271,Internal
33,0.000456705,-0.017329272,Internal
34,0.000690108,0.071593865,Internal
35,0.000422591,-0.038194429,Internal
36,0.000455177,-0.170669379,Internal
37,0.000902773,-0.161214163,Internal
38,0.000432161,-0.488596358,Internal
39,0.000415422,-0.733796244,Internal
40,0.000479787,0.475241658,Internal
41,0.000480605,0.854103068,Internal
42,0.000852539,-1.03943235,Internal
43,0.000992937,0.173884849,Internal
44,0.000506948,-1.61296983,Internal
45,0.000497385,0.148103119,Internal
46,0.000390672,-1.034600765,Internal
47,0.000519475,0.119229387,Internal
48,0.000653485,0.026383305,Internal
49,0.000490442,0.319563292,Internal
50,0.000454152,-0.06247413,Internal
51,0.000736489,0.865087648,Internal
52,0.000735232,-0.067716765,Internal
53,0.000559504,0.004153639,Internal
54,0.000604297,1.330240395,Internal
55,0.000430814,0.179334256,Internal
56,0.00041767,-0.394633596,Internal
57,0.000419655,-0.066396233,Internal
58,0.001941551,-0.790534554,Internal
59,0.000442093,-0.17101404,Internal
60,0.000491652,-0.831278044,Internal
61,0.000474248,0.312493099,Internal
62,0.001129704,-0.375696575,Internal
63,0.000487697,0.954917756,Internal
64,0.000482097,0.014795075,Internal
65,0.000418756,0.923456434,Internal
66,0.000485102,-0.20416928,Internal
67,0.000416762,0.164181469,Internal
68,0.001406478,-0.655239861,Internal
69,0.000547964,-0.053800305,Internal
70,0.000648173,-0.13367153,Internal
71,0.000929467,0.482471507,Internal
72,0.001001994,1.036118095,Internal
73,0.000574525,0.555912074,Internal
74,0.000802273,0.185261844,Internal
75,0.000777391,1.024208316,Internal
76,0.000834324,0.122488088,Internal
77,0.001012926,-1.397601016,Internal
78,0.000432831,-0.626219109,Internal
79,0.000415465,-0.075146226,Internal
80,0.000543976,0.660390785,Internal
81,0.00076395,0.011556765,Internal
82,0.000684145,-0.223840929,Internal
83,0.000762196,-0.361915264,Internal
84,0.001262548,-0.400051969,Internal
85,0.000415517,0.51993074,Internal
86,0.000406228,0.560243934,Internal
87,0.0006256,-0.400495537,Internal
88,0.000459875,0.449582339,Internal
89,0.000464119,0.024971368,Internal
90,0.000627073,-0.249628409,Internal
91,0.001519415,-0.333623792,Internal
92,0.002634088,-1.080324739,Internal
93,0.000392837,0.57022523,Internal
94,0.000637781,0.079321465,Internal
95,0.000568474,-0.140522273,Internal
96,0.000547964,-0.034277909,Internal
97,0.00111253,1.669873709,Internal
98,0.000684145,-0.223840929,Internal
99,0.000402564,-0.155758496,Internal
100,0.000501809,0.101771441,Internal
101,0.000534723,0.077573307,Internal
102,0.000636371,0.948109215,Internal
103,0.001625752,-0.726431808,Internal
104,0.000398522,-1.955502067,Internal
105,0.000402498,-0.06698622,Internal
106,0.000864775,0.158349091,Internal
107,0.000643034,0.266829951,Internal
108,0.000660562,0.973439592,Internal
109,0.000437329,-0.134313187,Internal
110,0.000596077,-0.838703902,Internal
111,0.000401737,-0.165401731,Internal
112,0.000608098,0.092470622,Internal
113,0.000573561,0.014977826,Internal
114,0.000437659,1.454540485,Internal
115,0.000410677,0.26695339,Internal
116,0.000393212,-0.09574806,Internal
117,0.000674639,0.287545945,Internal
118,0.001477402,0.252337637,Internal
119,0.000422419,-0.245874861,Internal
120,0.001206465,0.525139283,Internal
121,0.000429802,-0.391152072,Internal
122,0.000466618,0.641584112,Internal
123,0.000908452,0.1711551,Internal
124,0.000391097,0.333640518,Internal
125,0.000608098,0.134407662,Internal
126,0.001375602,-0.140823762,Internal
127,0.001538398,-0.752012309,Internal
128,0.000637781,0.09051316,Internal
129,0.000441429,0.007715958,Internal
130,0.000389106,0.838523839,Internal
131,0.00058428,0.040435664,Internal
132,0.000479145,-1.072174622,Internal
133,0.000416762,-0.025781232,Internal
134,0.000547964,-0.657885432,Internal
135,0.000866983,0.215318406,Internal
136,0.001069533,-0.655854946,Internal
137,0.001324959,0.193897138,Internal
138,0.000821856,0.384487216,Internal
139,0.000392583,1.007652594,Internal
140,0.000625518,0.771517088,Internal
141,0.001023778,-0.644046444,Internal
142,0.000422591,-0.038194429,Internal
143,0.000762019,0.069979847,Internal
144,0.000526692,-0.109868477,Internal
145,0.000936205,0.111253433,Internal
146,0.000391662,0.463614297,Internal
147,0.000640422,2.070688634,Internal
148,0.000751679,0.032433427,Internal
149,0.000394126,-0.1350835,Internal
150,0.000462714,-1.297919286,Internal
151,0.000578513,0.02440569,Internal
152,0.000610349,-0.01169022,Internal
153,0.000628989,-0.011827084,Internal
154,0.001090134,0.560719825,Internal
155,0.001595061,1.404502059,Internal
156,0.001917996,2.228197266,Internal
157,0.000389323,0.227716296,Internal
158,0.000631299,-0.485287823,Internal
159,0.001148766,1.080052748,Internal
160,0.000600858,0.483718225,Internal
161,0.000528345,-0.124636949,Internal
162,0.000422864,-0.853941235,Internal
163,0.000389469,-2.230334868,Internal
164,0.001007061,-1.482965582,Internal
165,0.000422591,-0.038194429,Internal
166,0.000520152,0.174652782,Internal
167,0.001852454,-0.644102685,Internal
168,0.000755863,0.947934163,Internal
169,0.000821856,0.384487216,Internal
170,0.000579414,-0.524764899,Internal
171,0.000909659,0.384085225,Internal
172,0.000391662,-0.148866383,Internal
173,0.000535302,-0.551396184,Internal
174,0.000448697,-0.369111322,Internal
175,0.000587605,-0.586611171,Internal
176,0.000416353,0.699285707,Internal
177,0.000598868,0.134225216,Internal
178,0.000658986,1.977681908,Internal
179,0.000546875,-0.175212714,Internal
180,0.000636716,-0.029763246,Internal
181,0.000640074,0.801104291,Internal
182,0.000584748,0.012426818,Internal
183,0.000790845,0.84283621,Internal
184,0.001017241,0.217784246,Internal
185,0.000639764,0.763070345,Internal
186,0.000451942,0.317422168,Internal
187,0.00193245,-1.293556074,Internal
188,0.000432606,-1.36033271,Internal
189,0.000652617,-0.698043469,Internal
190,0.000462714,-1.297919286,Internal
191,0.000464119,-0.277563243,Internal
192,0.000831472,0.001293705,Internal
193,0.002016857,0.881280624,Internal
194,0.000430431,-0.139584301,Internal
195,0.000437659,0.204862403,Internal
196,0.000899616,0.475083777,Internal
197,0.000567443,-0.107281833,Internal
198,0.000767875,-1.396504247,Internal
199,0.000655682,0.941265283,Internal
200,0.000533458,-0.30792887,Internal
201,0.000631047,0.049725785,Internal
202,0.00130282,-0.031728393,Internal
203,0.00045943,1.200564853,Internal
204,0.000401606,0.433781388,Internal
205,0.000742671,0.465903483,Internal
206,0.000443317,-0.280900195,Internal
207,0.001222188,1.255472771,Internal
208,0.000573297,0.194015661,Internal
209,0.000389869,-0.580335031,Internal
210,0.001612385,0.986430443,Internal
211,0.00041407,-0.137324329,Internal
212,0.001023778,-0.644046444,Internal
213,0.001292409,-1.140132817,Internal
214,0.000652582,0.136602976,Internal
215,0.00088555,-1.563694481,Internal
216,0.000547173,-0.067483598,Internal
217,0.000437659,-0.262536529,Internal
218,0.000539091,0.022817102,Internal
219,0.000422864,-1.489206021,Internal
220,0.000616318,-0.01967654,Internal
221,0.001569521,0.166539615,Internal
222,0.000665936,1.263471921,Internal
223,0.000461227,0.035074488,Internal
224,0.000724921,0.049814839,Internal
225,0.000682236,-0.750562287,Internal
226,0.000627121,-0.008787133,Internal
227,0.00051606,-0.151183839,Internal
228,0.000737926,-0.297454056,Internal
229,0.00063632,-0.851760796,Internal
230,0.000570197,0.478779543,Internal
231,0.000470711,0.471203386,Internal
232,0.000557623,0.060000003,Internal
233,0.000439974,-0.229541325,Internal
234,0.000723682,-0.148019447,Internal
235,0.000464119,-0.309530756,Internal
236,0.000526148,-0.010648927,Internal
237,0.000451248,0.134387959,Internal
238,0.001155788,0.989636002,Internal
239,0.000392837,-0.11371518,Internal
240,0.000783453,0.16291555,Internal
241,0.000391675,0.082608303,Internal
242,0.000537751,0.50314249,Internal
243,0.000429824,0.578040838,Internal
244,0.000824713,0.128044138,Internal
245,0.000389116,0.025070589,Internal
246,0.000908452,0.1711551,Internal
247,0.000398497,-0.259560661,Internal
248,0.001185536,-0.223531143,Internal
249,0.000466241,0.070205567,Internal
250,0.000535302,-0.551396184,Internal
251,0.000498231,-0.118034136,Internal
252,0.000665038,-1.176943048,Internal
253,0.000936205,0.111253433,Internal
254,0.000475823,-0.010004716,Internal
255,0.001924375,-0.39987908,Internal
256,0.000546875,-0.175212714,Internal
257,0.000724921,0.012404441,Internal
258,0.000513751,-0.453452338,Internal
259,0.000592501,0.230253383,Internal
260,0.000391567,1.11343108,Internal
261,0.000432661,0.199450694,Internal
262,0.000402897,-0.155864081,Internal
263,0.00051606,-0.151183839,Internal
264,0.000639764,0.763070345,Internal
265,0.000675209,0.232633183,Internal
266,0.000416762,-0.025781232,Internal
267,0.000421217,0.349776515,Internal
268,0.001336759,-0.20725195,Internal
269,0.000501809,0.014219114,Internal
270,0.001517125,-1.074320861,Internal
271,0.000491736,-0.066514735,Internal
272,0.000468713,-0.483651596,Internal
273,0.001906024,1.950039074,Internal
274,0.001348038,0.23350384,Internal
275,0.001237443,-1.072922032,Internal
276,0.00042928,0.122957356,Internal
277,0.000585357,0.017817116,Internal
278,0.000785324,-1.310481397,Internal
279,0.000839338,-0.472469895,Internal
280,0.000479787,0.034058426,Internal
281,0.000389119,-0.240148672,Internal
282,0.000543976,-0.026531293,Internal
283,0.000567443,-0.107281833,Internal
284,0.000395231,-0.051654223,Internal
285,0.000622704,1.388542383,Internal
286,0.00087284,-1.189100038,Internal
287,0.000448957,-0.082028673,Internal
288,0.000391097,0.935598925,Internal
289,0.000973926,-0.177300783,Internal
290,0.000410677,0.031062036,Internal
291,0.000389119,-0.240148672,Internal
292,0.000610349,-0.064017373,Internal
293,0.000608098,0.092470622,Internal
294,0.000390954,-0.074914141,Internal
295,0.000607976,-0.293824171,Internal
296,0.000537751,0.094362558,Internal
297,0.000514908,-0.121100842,Internal
298,0.000464119,-0.309530756,Internal
299,0.001327698,0.188046449,Internal
300,0.000499336,-0.01820883,Internal
301,0.000588346,0.110297171,Internal
302,0.000577636,2.138387499,Internal
303,0.000515923,0.158489115,Internal
304,0.000391824,0.322808785,Internal
305,0.000404256,-0.584215726,Internal
306,0.000412934,-0.369475803,Internal
307,0.000395231,-0.06769863,Internal
308,0.000399948,-0.316218004,Internal
309,0.000489661,-0.591698025,Internal
310,0.000519475,0.119229387,Internal
311,0.000451248,0.134387959,Internal
312,0.000390954,-0.074914141,Internal
313,0.000413721,0.56500409,Internal
314,0.000589517,0.23517756,Internal
315,0.000556676,0.578608233,Internal
316,0.001324959,0.193897138,Internal
317,0.000460546,-0.164483826,Internal
318,0.000488955,-0.198688415,Internal
319,0.000785324,-0.461562069,Internal
320,0.000488955,-0.198688415,Internal
321,0.000398866,-0.400569069,Internal
322,0.001051588,-0.819549784,Internal
323,0.000389613,-0.147911859,Internal
324,0.000737926,-0.591711516,Internal
325,0.000498894,0.102638957,Internal
326,0.000468713,0.046178329,Internal
327,0.000390011,0.215488181,Internal
328,0.000451933,-0.047678961,Internal
329,0.00047148,-0.458713246,Internal
330,0.000442093,1.582100992,Internal
331,0.000608098,-0.431491721,Internal
332,0.000649857,0.437136276,Internal
333,0.000673497,0.025749166,Internal
334,0.000395231,-0.063580554,Internal
335,0.000514702,-0.190235559,Internal
336,0.00055455,0.39575249,Internal
337,0.000728495,0.287660883,Internal
338,0.000484604,-0.146418795,Internal
339,0.000751679,1.206528049,Internal
340,0.000621284,-0.256727045,Internal
341,0.000610349,-0.064017373,Internal
342,0.000924943,-0.039124465,Internal
343,0.000483256,0.023449241,Internal
344,0.000686907,0.644144424,Internal
345,0.000443623,-0.038392498,Internal
346,0.001419477,0.505754323,Internal
347,0.000429138,-0.067045516,Internal
348,0.000546875,-0.175212714,Internal
349,0.000410677,-0.103102279,Internal
350,0.000401345,-0.004804256,Internal
351,0.000827066,-1.304650477,Internal
352,0.000533669,0.15300348,Internal
353,0.000491994,-0.07578535,Internal
354,0.000390724,0.369127565,Internal
355,0.000547964,-0.040330489,Internal
356,0.000515967,-0.355590674,Internal
357,0.000649857,0.437136276,Internal
358,0.000415725,-0.211677206,Internal
359,0.000917974,0.607602792,Internal
360,0.000673497,-0.107578363,Internal
361,0.000506668,0.429306353,Internal
362,0.000734246,0.397293233,Internal
363,0.002016857,0.881280624,Internal
364,0.000585116,1.063356169,Internal
365,0.000390954,-0.074914141,Internal
366,0.000421217,-0.217573498,Internal
367,0.000428239,0.122310008,Internal
368,0.000437366,-0.181782908,Internal
369,0.000823548,0.099471698,Internal
370,0.000418158,-1.292831438,Internal
371,0.000411632,-0.372803801,Internal
372,0.00194832,-0.467471345,Internal
373,0.000406791,1.136502088,Internal
374,0.000439305,0.924167047,Internal
375,0.00055477,-0.384563418,Internal
376,0.001724929,0.312156534,Internal
377,0.000624145,-1.213209847,Internal
378,0.000489139,0.029788304,Internal
379,0.000575634,-0.913020979,Internal
380,0.001537117,0.814882572,Internal
381,0.000463243,-0.076914188,Internal
382,0.001792992,-0.258931223,Internal
383,0.000394126,-0.1350835,Internal
384,0.000391642,-0.115633404,Internal
385,0.000491736,0.487776438,Internal
386,0.000406791,0.077316293,Internal
387,0.000707362,-0.149180551,Internal
388,0.00128492,1.053521927,Internal
389,0.000406791,-0.081867738,Internal
390,0.000551127,0.229554351,Internal
391,0.000397988,-0.01098737,Internal
392,0.000504253,-0.243262111,Internal
393,0.000477134,0.149028423,Internal
394,0.000790845,0.57932526,Internal
395,0.000437366,-1.149925473,Internal
396,0.001792992,-0.505313267,Internal
397,0.000389106,-0.293998911,Internal
398,0.001543337,-1.826728418,Internal
399,0.000501809,0.014219114,Internal
400,0.000540271,0.053833095,Internal
401,0.000509056,-0.265502731,Internal
402,0.000514702,-0.190235559,Internal
403,0.000394126,-0.1350835,Internal
404,0.002070062,-0.5619377,Internal
405,0.000427235,-0.651527762,Internal
406,0.00096759,0.084708764,Internal
407,0.000591692,0.029818424,Internal
408,0.000577506,-1.10337581,Internal
409,0.001711223,-0.54475412,Internal
410,0.000814589,0.553293209,Internal
411,0.000389791,-0.386196497,Internal
412,0.001852454,-0.644102685,Internal
413,0.0004943,0.515841376,Internal
414,0.000528345,-0.124636949,Internal
415,0.001324959,0.193897138,Internal
416,0.000622704,0.652532933,Internal
417,0.000511299,0.262623538,Internal
418,0.00039077,-0.083567058,Internal
419,0.000391461,-1.041667617,Internal
420,0.00040912,-0.703465199,Internal
421,0.000450904,0.077300875,Internal
422,0.001071164,0.515833142,Internal
423,0.000406756,0.819305077,Internal
424,0.001619118,-0.152157635,Internal
425,0.001440257,1.308622074,Internal
426,0.000389892,0.296908515,Internal
427,0.000432161,-0.488596358,Internal
428,0.000456705,-0.702315073,Internal
429,0.000779886,-0.354620993,Internal
430,0.000956541,-1.73427987,Internal
431,0.000552579,0.164055126,Internal
432,0.001397301,-0.475228286,Internal
433,0.000409375,1.115065884,Internal
434,0.000430129,0.018241767,Internal
435,0.000566872,1.307111738,Internal
436,0.00089814,-0.784614328,Internal
437,0.001854715,0.677446813,Internal
438,0.000476759,-0.058230111,Internal
439,0.000827066,0.003036579,Internal
440,0.001025642,1.423571307,Internal
441,0.000663317,-0.223912804,Internal
442,0.000409034,1.74100865,Internal
443,0.000857934,0.893830303,Internal
444,0.000724921,-0.074134991,Internal
445,0.000566962,0.009884192,Internal
446,0.000737926,-0.591711516,Internal
447,0.000434337,0.100776814,Internal
448,0.000499336,-0.01820883,Internal
449,0.000556676,0.578608233,Internal
450,0.00042086,0.204526745,Internal
451,0.000419961,-0.414210837,Internal
452,0.00051606,0.833726622,Internal
453,0.000390011,-0.048702034,Internal
454,0.000621284,-0.256727045,Internal
455,0.000821856,-0.118901255,Internal
456,0.000420727,-0.199436323,Internal
457,0.0005468,0.412554856,Internal
458,0.000491736,0.487776438,Internal
459,0.000389323,0.227716296,Internal
460,0.000422696,-0.373337135,Internal
461,0.001660136,0.141543724,Internal
462,0.000824713,0.128044138,Internal
463,0.00048605,-1.259725079,Internal
464,0.00039145,0.861747373,Internal
465,0.000429824,0.578040838,Internal
466,0.001313659,-0.64439863,Internal
467,0.000585357,0.590226565,Internal
468,0.000437366,-1.149925473,Internal
469,0.001321757,-0.468720707,Internal
470,0.000459875,0.449582339,Internal
471,0.000690713,0.227295052,Internal
472,0.000437366,-0.181782908,Internal
473,0.00082648,0.261928168,Internal
474,0.000574,-0.138339362,Internal
475,0.000573795,-0.581695891,Internal
476,0.000650935,0.073224455,Internal
477,0.000537751,-0.727725679,Internal
478,0.000866802,-1.744575768,Internal
479,0.001326302,1.506325213,Internal
480,0.000573297,0.194015661,Internal
481,0.000390086,1.588903197,Internal
482,0.002016857,0.881280624,Internal
483,0.000416762,-0.024608762,Internal
484,0.000452088,-0.175229295,Internal
485,0.000390103,0.397841509,Internal
486,0.000636716,-0.029763246,Internal
487,0.000531653,-0.094291406,Internal
488,0.000493022,-0.041288468,Internal
489,0.00048927,-0.709231994,Internal
490,0.000484604,-0.146418795,Internal
491,0.001733241,-0.49540189,Internal
492,0.000729344,-0.07863285,Internal
493,0.00051606,1.257415737,Internal
494,0.000419818,0.714616663,Internal
495,0.00076395,0.011556765,Internal
496,0.000491652,-0.831278044,Internal
497,0.001940714,-1.269296356,Internal
498,0.001259171,0.075741451,Internal
499,0.00099613,0.368487832,Internal
500,0.000424149,2.097815679,Internal
501,0.000389332,-0.759968334,Internal
502,0.000422864,-0.14754605,Internal
503,0.000450058,0.14297658,Internal
504,0.002107703,-2.197237521,Internal
505,0.000537751,-0.718814919,Internal
506,0.00055185,0.298667313,Internal
507,0.001945831,0.374266286,Internal
508,0.000398188,-0.729590584,Internal
509,0.000496642,-0.43143585,Internal
510,0.000994306,0.647634796,Internal
511,0.000938358,0.209416149,Internal
512,0.000682236,-0.750562287,Internal
513,0.000526528,-0.416600382,Internal
514,0.000427576,-0.367931475,Internal
515,0.00054598,-0.26825301,Internal
516,0.000896107,0.335000713,Internal
517,0.00130282,-0.031728393,Internal
518,0.000794815,-1.013595555,Internal
519,0.000389323,0.015488717,Internal
520,0.000479787,0.034058426,Internal
521,0.000724921,-0.074134991,Internal
522,0.000483256,-0.060155846,Internal
523,0.000677723,-1.005910312,Internal
524,0.002094731,-0.744397848,Internal
525,0.001116338,0.07232523,Internal
526,0.000743107,-0.168775786,Internal
527,0.001104176,-0.553088721,Internal
528,0.000470804,-0.230801638,Internal
529,0.001226531,1.022215953,Internal
530,0.000551127,0.229554351,Internal
531,0.00040967,0.975990102,Internal
532,0.000961357,-0.770129099,Internal
533,0.000690643,0.973204165,Internal
534,0.000468713,-0.11832661,Internal
535,0.000571354,-0.233122567,Internal
536,0.000566761,0.394316915,Internal
537,0.00039464,0.186047651,Internal
538,0.001165545,0.772390785,Internal
539,0.000700599,0.813894263,Internal
540,0.001017034,-0.305324734,Internal
541,0.000390817,-0.990982907,Internal
542,0.000768506,0.509533339,Internal
543,0.000416511,-0.144426672,Internal
544,0.000555762,0.621382662,Internal
545,0.000491652,-0.24943102,Internal
546,0.000703053,0.645189935,Internal
547,0.000673357,-0.773547347,Internal
548,0.000837705,0.317634606,Internal
549,0.000603882,-0.85803098,Internal
550,0.000990111,-1.055159582,Internal
551,0.000564138,2.300782759,Internal
552,0.000547964,-0.034277909,Internal
553,0.000883226,0.170336047,Internal
554,0.000391567,1.11343108,Internal
555,0.000670385,0.119819214,Internal
556,0.000460546,-0.164483826,Internal
557,0.000484604,-0.146418795,Internal
558,0.000401672,0.20143814,Internal
559,0.001324959,0.193897138,Internal
560,0.000850072,0.671305227,Internal
561,0.000515967,-0.427865084,Internal
562,0.000510711,0.167943503,Internal
563,0.000398678,-0.09831082,Internal
564,0.000389332,-0.720974879,Internal
565,0.000546974,1.049136219,Internal
566,0.00051024,-0.131977547,Internal
567,0.00213507,-0.257063099,Internal
568,0.000691743,-1.005284002,Internal
569,0.000403496,-0.961961328,Internal
570,0.000540271,-0.046859913,Internal
571,0.000390506,-0.929237429,Internal
572,0.00051606,-0.055618244,Internal
573,0.000415465,0.964912358,Internal
574,0.000412328,-2.25270816,Internal
575,0.000389869,0.565368664,Internal
576,0.002094731,-0.688744563,Internal
577,0.000401606,0.433781388,Internal
578,0.000810746,0.096577139,Internal
579,0.001187752,0.651374832,Internal
580,0.000395231,-0.051654223,Internal
581,0.000587522,0.033584856,Internal
582,0.000624145,-0.201095535,Internal
583,0.000392837,0.42292904,Internal
584,0.000432161,0.293923904,Internal
585,0.000742671,0.465903483,Internal
586,0.000852539,-0.520891052,Internal
587,0.000703155,1.030162417,Internal
588,0.000607976,-0.948662722,Internal
589,0.000785324,-0.867215764,Internal
590,0.00060491,0.409922626,Internal
591,0.000567443,-0.107281833,Internal
592,0.000653205,0.358502774,Internal
593,0.001160166,-1.167979508,Internal
594,0.000434337,-0.058129289,Internal
595,0.000830525,0.152616765,Internal
596,0.000408511,0.6753832,Internal
597,0.004018891,-1.817916583,Internal
598,0.000426437,-0.313222075,Internal
599,0.000479787,0.446913,Internal
600,0.000573795,0.599092355,Internal
601,0.000643034,0.07825691,Internal
602,0.000636449,0.066402022,Internal
603,0.000390724,0.369127565,Internal
604,0.00073128,-0.377462047,Internal
605,0.000485102,-0.726487284,Internal
606,0.000566761,-0.848818614,Internal
607,0.001119355,-0.493322563,Internal
608,0.000425178,0.968039839,Internal
609,0.000433057,-0.288300304,Internal
610,0.000742671,0.465903483,Internal
611,0.001141564,0.105343977,Internal
612,0.000429959,0.456209688,Internal
613,0.00051606,0.574185569,Internal
614,0.000755863,1.335225545,Internal
615,0.000391675,0.5528486,Internal
616,0.000973926,-0.177300783,Internal
617,0.000804889,-0.420067729,Internal
618,0.00051606,0.57649137,Internal
619,0.000729344,-0.07863285,Internal
620,0.000479248,-1.072917583,Internal
621,0.001879467,-1.279978047,Internal
622,0.00076395,0.011556765,Internal
623,0.000590066,0.754875146,Internal
624,0.000515747,-0.708881486,Internal
625,0.000572169,1.110744143,Internal
626,0.000464119,-1.752212749,Internal
627,0.000440941,0.735692124,Internal
628,0.000440941,0.244658866,Internal
629,0.000502891,-0.216528018,Internal
630,0.000562607,-1.169546976,Internal
631,0.000546902,-0.469423768,Internal
632,0.000479145,0.786908765,Internal
633,0.000646331,-0.488007167,Internal
634,0.001698694,-1.330083629,Internal
635,0.000488955,-0.198688415,Internal
636,0.00210246,-2.107922043,Internal
637,0.001324959,0.193897138,Internal
638,0.000532303,-0.108913322,Internal
639,0.000511299,0.262623538,Internal
640,0.000883912,0.356833744,Internal
641,0.000809951,-0.2672191,Internal
642,0.001106096,0.017039461,Internal
643,0.000673497,0.025749166,Internal
644,0.000395231,-0.08238931,Internal
645,0.00058428,0.378381605,Internal
646,0.001750063,-0.779865098,Internal
647,0.000451933,-0.047678961,Internal
648,0.000390672,0.056465784,Internal
649,0.000585116,0.581758754,Internal
650,0.000837705,0.317634606,Internal
651,0.000447851,0.32564891,Internal
652,0.000585449,0.00772426,Internal
653,0.001028942,1.089820605,Internal
654,0.000534723,-0.318171732,Internal
655,0.001263176,0.673387772,Internal
656,0.000879843,-0.195206788,Internal
657,0.000451942,0.317422168,Internal
658,0.000410677,0.031062036,Internal
659,0.000436003,-0.119423469,Internal
660,0.000695408,0.237179677,Internal
661,0.000392474,-0.260267737,Internal
662,0.000524277,-0.162727764,Internal
663,0.000432606,-1.36033271,Internal
664,0.001321374,2.735640895,Internal
665,0.00042928,0.127499421,Internal
666,0.001247924,1.469014664,Internal
667,0.000391662,-0.148866383,Internal
668,0.000416762,-0.025781232,Internal
669,0.000677723,-1.005910312,Internal
670,0.00046033,0.117800683,Internal
671,0.002003634,0.887006066,Internal
672,0.000409029,-0.483352465,Internal
673,0.000389319,-0.195987198,Internal
674,0.000411891,-0.58825044,Internal
675,0.000445721,0.572822284,Internal
676,0.00337184,3.363264758,Internal
677,0.000448566,0.200796604,Internal
678,0.000402074,-1.462688169,Internal
679,0.000830235,1.160679183,Internal
680,0.000537751,-0.205324503,Internal
681,0.000389106,-0.330222196,Internal
682,0.001165545,0.596851891,Internal
683,0.000391097,1.195372545,Internal
684,0.000804889,0.004870276,Internal
685,0.000461376,-0.350726703,Internal
686,0.000975458,0.094414341,Internal
687,0.000603061,-0.18245482,Internal
688,0.000472938,-0.143908216,Internal
689,0.000464119,-1.752212749,Internal
690,0.000458223,-0.029755824,Internal
691,0.001924375,-0.595233124,Internal
692,0.001116338,0.07232523,Internal
693,0.000408821,-0.183416677,Internal
694,0.000670385,0.119819214,Internal
695,0.000610349,-0.064017373,Internal
696,0.000453722,0.711226064,Internal
697,0.00075217,-0.163035155,Internal
698,0.000396164,0.435157616,Internal
699,0.000426437,-1.558627642,Internal
700,0.000798753,0.440481078,Internal
701,0.000402769,0.020095055,Internal
702,0.00050281,0.623629217,Internal
703,0.000608098,0.055115921,Internal
704,0.000658439,0.288124572,Internal
705,0.000759824,-0.457793527,Internal
706,0.000470804,-0.230801638,Internal
707,0.00076395,0.011556765,Internal
708,0.000393212,-0.176220595,Internal
709,0.001343374,0.422484163,Internal
710,0.000488648,-0.403226899,Internal
711,0.000616318,-0.01967654,Internal
712,0.000422864,-0.135404149,Internal
713,0.000557056,0.818468037,Internal
714,0.000473704,-0.542288068,Internal
715,0.000468713,-0.483651596,Internal
716,0.000430298,1.654889794,Internal
717,0.000852539,-1.03943235,Internal
718,0.000593307,0.548013001,Internal
719,0.000551127,-0.587142667,Internal
720,0.000486377,0.021815829,Internal
721,0.000990111,-1.055159582,Internal
722,0.000468237,-0.027385418,Internal
723,0.00140152,1.082778439,Internal
724,0.001017034,-0.305324734,Internal
725,0.000783453,0.273141112,Internal
726,0.00060491,0.912836979,Internal
727,0.000391461,-0.542799737,Internal
728,0.000550907,0.962868523,Internal
729,0.00058428,0.040435664,Internal
730,0.003080682,2.330041133,Internal
731,0.000504253,-1.230967779,Internal
732,0.000394126,0.404276003,Internal
733,0.000401409,-1.489319033,Internal
734,0.000716529,1.753483783,Internal
735,0.001053092,-0.228626964,Internal
736,0.000882289,-1.454327455,Internal
737,0.000390011,-0.048702034,Internal
738,0.000663039,-0.71541275,Internal
739,0.001079505,-0.818793184,Internal
740,0.0004286,0.063511948,Internal
741,0.000416511,-0.144426672,Internal
742,0.000976537,-1.199999889,Internal
743,0.001495149,-0.126691981,Internal
744,0.000430637,0.455198991,Internal
745,0.000563219,-0.09298494,Internal
746,0.000622422,-0.181890266,Internal
747,0.00058428,-0.232046782,Internal
748,0.000675209,0.232633183,Internal
749,0.000536539,0.558587405,Internal
750,0.000448799,0.09693121,Internal
751,0.00066107,-0.894045364,Internal
752,0.000439974,-0.32557397,Internal
753,0.000470804,-0.308978129,Internal
754,0.001660136,-2.085221796,Internal
755,0.001148422,-0.800702181,Internal
756,0.000443317,-0.280900195,Internal
757,0.00038961,0.648257544,Internal
758,0.000391662,0.463614297,Internal
759,0.000959741,0.400571067,Internal
760,0.00073128,-0.377462047,Internal
761,0.000487829,-0.297351057,Internal
762,0.001023844,-0.785839908,Internal
763,0.001262548,-0.400051969,Internal
764,0.000420686,1.705379025,Internal
765,0.000661766,0.041036415,Internal
766,0.000540271,0.053833095,Internal
767,0.000922624,0.541273915,Internal
768,0.000567956,-0.080191147,Internal
769,0.000650935,0.073224455,Internal
770,0.000504438,-0.346212565,Internal
771,0.000467403,-0.072812359,Internal
772,0.000546974,0.08582634,Internal
773,0.000891278,1.065534468,Internal
774,0.000604297,1.330240395,Internal
775,0.000667702,0.246126538,Internal
776,0.000973926,-0.177300783,Internal
777,0.000402564,-0.155758496,Internal
778,0.000785324,-0.461562069,Internal
779,0.000855302,-0.123926201,Internal
780,0.000456408,-0.434891866,Internal
781,0.000421899,-0.283230765,Internal
782,0.000682236,0.876651235,Internal
783,0.000396986,-0.239161233,Internal
784,0.000422419,-0.245874861,Internal
785,0.000628989,-0.011827084,Internal
786,0.000724921,0.012404441,Internal
787,0.000628299,0.999213371,Internal
788,0.000673497,-0.009315977,Internal
789,0.000636449,0.066402022,Internal
790,0.000396538,0.369368435,Internal
791,0.00058428,0.124865407,Internal
792,0.000537751,-1.462875938,Internal
793,0.001092628,-0.433973345,Internal
794,0.000671228,-0.223315739,Internal
795,0.000866802,-1.744575768,Internal
796,0.000741358,-0.172896223,Internal
797,0.000515747,-0.708881486,Internal
798,0.000562445,-0.016635676,Internal
799,0.001255512,3.451555571,Internal
800,0.000486377,0.021815829,Internal
801,0.000439974,-0.295108737,Internal
802,0.000975458,0.695011856,Internal
803,0.000559086,0.260918563,Internal
804,0.000496833,0.139551323,Internal
805,0.000835564,-1.222513017,Internal
806,0.000940541,0.857765451,Internal
807,0.000395231,-0.06769863,Internal
808,0.000390945,-0.0360739,Internal
809,0.001020628,0.711457259,Internal
810,0.001060216,0.214154853,Internal
811,0.000419655,0.013696206,Internal
812,0.000416762,0.164181469,Internal
813,0.000981232,1.935832695,Internal
814,0.000506102,-0.047958536,Internal
815,0.000608098,0.265502083,Internal
816,0.000703155,1.030162417,Internal
817,0.000514793,2.658294964,Internal
818,0.00048605,-1.259725079,Internal
819,0.000907939,-0.811733647,Internal
820,0.000422419,-0.070535914,Internal
821,0.0004286,0.063511948,Internal
822,0.000478579,-0.411504053,Internal
823,0.000569572,-0.136474384,Internal
824,0.001805538,1.044777135,Internal
825,0.001854715,1.401852279,Internal
826,0.000390242,-0.209415032,Internal
827,0.001805538,1.044777135,Internal
828,0.00040141,0.252687235,Internal
829,0.000581754,0.049722218,Internal
830,0.000432829,-0.021516217,Internal
831,0.000541559,-0.424165088,Internal
832,0.000389119,-0.454059542,Internal
833,0.000479787,0.475241658,Internal
834,0.000489139,-0.104673167,Internal
835,0.000917784,-2.087612721,Internal
836,0.000515967,-0.670032774,Internal
837,0.000643034,0.46587117,Internal
838,0.001297223,1.081180509,Internal
839,0.001017241,0.217784246,Internal
840,0.001313659,-0.518839299,Internal
841,0.000850397,0.112620894,Internal
842,0.000390672,0.750050343,Internal
843,0.000888869,-0.24232989,Internal
844,0.000399948,-0.316218004,Internal
845,0.000850072,0.671305227,Internal
846,0.000624145,-1.213209847,Internal
847,0.000485049,0.067637028,Internal
848,0.000638583,-0.915883928,Internal
849,0.000618271,-0.164492743,Internal
850,0.000537751,0.094362558,Internal
851,0.000658743,0.174150821,Internal
852,0.000436003,-0.134278095,Internal
853,0.000768036,0.34828029,Internal
854,0.000607976,-0.293824171,Internal
855,0.001924375,-0.715163746,Internal
856,0.000773089,0.331430403,Internal
857,0.000418172,-0.153279784,Internal
858,0.000526148,-0.064417257,Internal
859,0.000413547,-0.626580079,Internal
860,0.000768036,0.34828029,Internal
861,0.000656911,1.112029302,Internal
862,0.001538398,-0.752012309,Internal
863,0.000777147,-0.269088881,Internal
864,0.000790845,0.84283621,Internal
865,0.00062341,-0.073403909,Internal
866,0.002094306,-0.743689809,Internal
867,0.00050107,0.109588288,Internal
868,0.001248048,0.363717435,Internal
869,0.000673357,-0.465810099,Internal
870,0.000452088,-0.175229295,Internal
871,0.000448957,-0.082028673,Internal
872,0.000459875,-0.197107781,Internal
873,0.00046419,-0.605520313,Internal
874,0.000589517,0.23517756,Internal
875,0.003098201,-0.468451821,Internal
876,0.000724921,-0.152679355,Internal
877,0.000389119,-0.454059542,Internal
878,0.000976905,-0.308990132,Internal
879,0.000552389,1.424293399,Internal
880,0.000478416,0.620411207,Internal
881,0.000940541,0.857765451,Internal
882,0.000481962,-0.13264827,Internal
883,0.000643034,0.46587117,Internal
884,0.000421726,-0.43735975,Internal
885,0.000567956,-0.080191147,Internal
886,0.00039022,-0.981126129,Internal
887,0.000686907,0.644144424,Internal
888,0.000493385,0.047385217,Internal
889,0.000396538,0.369368435,Internal
890,0.000601133,0.156736213,Internal
891,0.001419477,0.505754323,Internal
892,0.001081857,0.193092027,Internal
893,0.00039198,1.369600212,Internal
894,0.000839338,-0.814590171,Internal
895,0.000475823,-0.010004716,Internal
896,0.001106096,0.017039461,Internal
897,0.000611837,0.609923825,Internal
898,0.000865867,1.715007144,Internal
899,0.000407993,1.352043065,Internal
900,0.000390506,-0.929237429,Internal
901,0.000418028,-0.050908223,Internal
902,0.000610516,-0.805737968,Internal
903,0.000738607,-1.194700002,Internal
904,0.001508138,-0.426888982,Internal
905,0.001176296,0.487187827,Internal
906,0.000506428,0.584146425,Internal
907,0.00073128,-0.377462047,Internal
908,0.000624958,0.439860672,Internal
909,0.001397301,-0.475228286,Internal
910,0.000834324,0.122488088,Internal
911,0.00066107,-0.600991075,Internal
912,0.000882289,0.134187402,Internal
913,0.000920308,0.403232334,Internal
914,0.002094731,-0.800045555,Internal
915,0.000434504,-0.287855701,Internal
916,0.000408821,-0.183416677,Internal
917,0.000477865,-0.331233427,Internal
918,0.000584748,0.012426818,Internal
919,0.000389469,-2.230334868,Internal
920,0.000439974,-0.32557397,Internal
921,0.000389106,0.418842932,Internal
922,0.000810204,0.483113596,Internal
923,0.000848295,1.552650609,Internal
924,0.001225611,2.100283324,Internal
925,0.000416762,-0.024608762,Internal
926,0.000562445,-0.016635676,Internal
927,0.000515967,-0.277890985,Internal
928,0.001313216,-0.802529842,Internal
929,0.000588346,0.110297171,Internal
930,0.000397501,-0.744259873,Internal
931,0.0005468,0.259381956,Internal
932,0.000422246,-0.198466932,Internal
933,0.000491736,-0.066514735,Internal
934,0.000767875,-1.396504247,Internal
935,0.000429302,1.359049039,Internal
936,0.00066107,-0.894045364,Internal
937,0.000494809,0.046299007,Internal
938,0.000514446,0.082028255,Internal
939,0.000961357,-0.770129099,Internal
940,0.000479787,0.034058426,Internal
941,0.000456705,-0.017329272,Internal
942,0.001437687,-0.009328498,Internal
943,0.000389113,0.247438234,Internal
944,0.000437824,0.057047768,Internal
945,0.00039659,0.128688573,Internal
946,0.000561797,0.903414285,Internal
947,0.001167501,-1.898656473,Internal
948,0.001861456,1.482124055,Internal
949,0.000882289,-0.938973814,Internal
950,0.000724187,0.198688782,Internal
951,0.00064029,0.18554841,Internal
952,0.000487829,-0.297351057,Internal
953,0.000861361,0.422498981,Internal
954,0.000969819,-0.871497502,Internal
955,0.000406277,-0.175987278,Internal
956,0.000514077,-0.469071714,Internal
957,0.001477402,0.252337637,Internal
958,0.000390724,0.369127565,Internal
959,0.00136203,-0.992247916,Internal
960,0.00058428,0.124865407,Internal
961,0.000751679,0.032433427,Internal
962,0.000589903,0.029505294,Internal
963,0.000671228,-0.223315739,Internal
964,0.000429959,0.456209688,Internal
965,0.000475823,-0.010004716,Internal
966,0.001001994,1.036118095,Internal
967,0.000575634,1.567345357,Internal
968,0.000575634,-0.913020979,Internal
969,0.000686907,-0.288498111,Internal
970,0.000762019,0.069979847,Internal
971,0.000440941,0.244658866,Internal
972,0.001067545,0.582342162,Internal
973,0.000580906,0.975852667,Internal
974,0.000628299,0.053139209,Internal
975,0.000442754,0.536779545,Internal
976,0.000510163,0.093183185,Internal
977,0.000604297,1.330240395,Internal
978,0.000543976,-0.378394908,Internal
979,0.000391662,-0.03168326,Internal
980,0.000389616,-0.216328933,Internal
981,0.000776361,-0.539977468,Internal
982,0.000827066,0.003036579,Internal
983,0.000690226,-0.92430897,Internal
984,0.000389119,-0.240148672,Internal
985,0.00042928,-0.42717271,Internal
986,0.00130282,-0.031728393,Internal
987,0.001750063,-0.779865098,Internal
988,0.000433057,-0.288300304,Internal
989,0.001306188,1.79114936,Internal
990,0.000395231,-0.063580554,Internal
991,0.000389119,-0.454059542,Internal
992,0.00042086,0.204526745,Internal
993,0.000550907,0.962868523,Internal
994,0.000624145,-1.213209847,Internal
995,0.000638642,0.468473266,Internal
996,0.000389174,-0.212083894,Internal
997,0.000507865,-0.001980292,Internal
998,0.000661766,-0.149497889,Internal
999,0.000882289,-0.373516164,Internal
1000,0.000467764,-0.728131131,Internal
1001,0.000460698,-0.168535724,Internal
1002,0.000510163,0.093183185,Internal
1003,0.000398866,-0.400569069,Internal
1004,0.000392961,-1.158498763,Internal
1005,0.001821424,-0.068030291,Internal
1006,0.000491652,-0.257393647,Internal
1007,0.000473704,-0.372045168,Internal
1008,0.000539091,0.022817102,Internal
1009,0.000489139,0.029788304,Internal
1010,0.00042027,0.301399976,Internal
1011,0.000600448,-0.848374838,Internal
1012,0.000643034,0.266829951,Internal
1013,0.000513402,1.291805013,Internal
1014,0.000526528,-0.416600382,Internal
1015,0.000464119,-0.277563243,Internal
1016,0.000611837,0.609923825,Internal
1017,0.000415422,-0.733796244,Internal
1018,0.00039077,-0.083567058,Internal
1019,0.001365453,1.235250201,Internal
1020,0.00083585,1.367178672,Internal
1021,0.000487434,0.210515544,Internal
1022,0.000567956,-0.080191147,Internal
1023,0.001524435,1.168840009,Internal
1024,0.000724921,0.012404441,Internal
1025,0.000483256,-0.060155846,Internal
1026,0.000428239,0.122310008,Internal
1027,0.001302479,1.128697289,Internal
1028,0.000853915,0.303740541,Internal
1029,0.000427008,-0.585731005,Internal
1030,0.000759824,-0.333042575,Internal
1031,0.000598356,-0.253706001,Internal
1032,0.000409895,-0.425096903,Internal
1033,0.000777391,1.043280727,Internal
1034,0.000389147,-0.371434916,Internal
1035,0.000700599,0.051162999,Internal
1036,0.000588346,0.110297171,Internal
1037,0.00063632,-0.367681763,Internal
1038,0.000390195,0.192297088,Internal
1039,0.001244125,-0.365922972,Internal
1040,0.000454452,0.325426453,Internal
1041,0.001023778,-0.644046444,Internal
1042,0.000736573,-0.241149079,Internal
1043,0.001106096,0.017039461,Internal
1044,0.000487829,-0.002574149,Internal
1045,0.000798043,0.84889478,Internal
1046,0.001044004,-0.464745318,Internal
1047,0.000482502,-0.057649092,Internal
1048,0.000416762,0.080930631,Internal
1049,0.000621836,0.804476298,Internal
1050,0.000430643,0.309993985,Internal
1051,0.000500205,0.384789683,Internal
1052,0.000541344,-0.061847271,Internal
1053,0.000452293,-0.156450951,Internal
1054,0.000673357,-0.740424409,Internal
1055,0.001406478,-0.655239861,Internal
1056,0.000700599,0.051162999,Internal
1057,0.000595309,-0.018155571,Internal
1058,0.000923731,-0.182642447,Internal
1059,0.000682236,-0.750562287,Internal
1060,0.001138327,-3.77529532,Internal
1061,0.001059211,-0.304869707,Internal
1062,0.001145009,-1.232913446,Internal
1063,0.000701959,-0.718218124,Internal
1064,0.001481634,1.011252936,Internal
1065,0.017990468,3.550421842,Internal
1066,0.000485728,-0.257544862,Internal
1067,0.00076404,0.198936543,Internal
1068,0.00039659,0.128688573,Internal
1069,0.000607741,-0.123660361,Internal
1070,0.000537751,0.094362558,Internal
1071,0.000586382,-0.058440539,Internal
1072,0.000852539,-1.545205762,Internal
1073,0.000661766,0.167323482,Internal
1074,0.000452293,-0.156450951,Internal
1075,0.000891278,1.065534468,Internal
1076,0.000400756,-0.288975979,Internal
1077,0.000526148,-1.116397818,Internal
1078,0.00057199,-0.502497198,Internal
1079,0.001101268,0.410022776,Internal
1080,0.000414244,3.627157882,Internal
1081,0.000501193,-0.053764612,Internal
1082,0.000917784,-2.96847277,Internal
1083,0.000437659,0.204862403,Internal
1084,0.000511325,0.167944516,Internal
1085,0.001735526,-1.377540075,Internal
1086,0.000750684,-0.096295144,Internal
1087,0.001519415,-0.333623792,Internal
1088,0.000400756,-0.288975979,Internal
1089,0.000397081,0.245064772,Internal
1090,0.000495907,-0.469906271,Internal
1091,0.000543976,-0.026531293,Internal
1092,0.000442565,-0.001255624,Internal
1093,0.000607976,-0.948662722,Internal
1094,0.000571806,0.171233396,Internal
1095,0.000636243,0.185844213,Internal
1096,0.000402897,-0.155864081,Internal
1097,0.001463091,-1.538251854,Internal
1098,0.000500823,-0.63193723,Internal
1099,0.000537751,-0.718814919,Internal
1100,0.000416762,0.164181469,Internal
1101,0.00180985,0.408187542,Internal
1102,0.000585357,0.590226565,Internal
1103,0.000422591,-0.038194429,Internal
1104,0.000879843,-0.195206788,Internal
1105,0.000531653,-0.094291406,Internal
1106,0.00051606,0.833726622,Internal
1107,0.001660136,-0.526496284,Internal
1108,0.000545537,-0.385609678,Internal
1109,0.000479145,-0.449342068,Internal
1110,0.000472672,-1.283945529,Internal
1111,0.00079,-1.10677458,Internal
1112,0.000392837,0.42292904,Internal
1113,0.000461956,-0.033159227,Internal
1114,0.001090134,0.560719825,Internal
1115,0.000555725,-0.154445121,Internal
1116,0.000402498,-0.06698622,Internal
1117,0.00039385,0.231013573,Internal
1118,0.000389332,-0.606080628,Internal
1119,0.00048651,1.07057617,Internal
1120,0.00077119,0.408882068,Internal
1121,0.000390242,-0.209415032,Internal
1122,0.000390195,0.192297088,Internal
1123,0.003098201,-0.468451821,Internal
1124,0.001698694,-1.330083629,Internal
1125,0.000504438,-0.258831065,Internal
1126,0.000397035,-0.211710959,Internal
1127,0.000608098,0.765563657,Internal
1128,0.001505933,-0.305936767,Internal
1129,0.000390945,-0.0360739,Internal
1130,0.000415465,-0.812644943,Internal
1131,0.000819875,-0.78539965,Internal
1132,0.000802273,0.185261844,Internal
1133,0.000673497,-0.009315977,Internal
1134,0.000413721,0.7887423,Internal
1135,0.000389106,0.838523839,Internal
1136,0.00054498,-0.195817616,Internal
1137,0.000762196,-0.361915264,Internal
1138,0.000389319,-1.061662348,Internal
1139,0.000568474,-0.140522273,Internal
1140,0.000398522,-1.375992002,Internal
1141,0.00040941,-0.190525597,Internal
1142,0.000724187,0.28100743,Internal
1143,0.001144151,2.43980763,Internal
1144,0.000794815,-1.013595555,Internal
1145,0.00099613,0.368487832,Internal
1146,0.000491994,-0.07578535,Internal
1147,0.00213507,-0.714416136,Internal
1148,0.001004519,-0.356887662,Internal
1149,0.001165545,0.772390785,Internal
1150,0.001237443,-1.072922032,Internal
1151,0.000639632,-1.399362389,Internal
1152,0.000673497,1.626756227,Internal
1153,0.000389106,0.418842932,Internal
1154,0.000758885,-0.204504323,Internal
1155,0.001540857,-0.956618024,Internal
1156,0.000491736,-0.111111715,Internal
1157,0.001614555,-0.197044556,Internal
1158,0.001326302,1.506325213,Internal
1159,0.00063632,-0.927215475,Internal
1160,0.00075217,-3.659077799,Internal
1161,0.000888446,1.402901038,Internal
1162,0.001104176,-0.409548383,Internal
1163,0.000595309,0.878621237,Internal
1164,0.000400756,-0.288975979,Internal
1165,0.001023844,-0.785839908,Internal
1166,0.000531406,0.106247129,Internal
1167,0.000404256,0.100953067,Internal
1168,0.000389106,0.838523839,Internal
1169,0.000495907,-0.126665555,Internal
1170,0.000917784,-1.495661084,Internal
1171,0.000390506,-0.929237429,Internal
1172,0.000747428,0.085830349,Internal
1173,0.00038961,0.648257544,Internal
1174,0.000397081,0.245064772,Internal
1175,0.001435029,1.798758503,Internal
1176,0.001060216,0.214154853,Internal
1177,0.00099613,0.368487832,Internal
1178,0.000441429,0.007715958,Internal
1179,0.000605825,-0.116557417,Internal
1180,0.001594774,-1.203009037,Internal
1181,0.00046856,0.160846829,Internal
1182,0.001081857,0.193092027,Internal
1183,0.000422246,-0.198466932,Internal
1184,0.00046419,-0.422934322,Internal
1185,0.000636449,1.601085419,Internal
1186,0.00051024,-0.131977547,Internal
1187,0.000468237,-0.027385418,Internal
1188,0.000883226,0.170336047,Internal
1189,0.001745303,-0.915072532,Internal
1190,0.00115445,2.901711283,Internal
1191,0.000565079,0.433601561,Internal
1192,0.000457093,-0.420369138,Internal
1193,0.000768036,0.155937066,Internal
1194,0.000456053,-0.126035384,Internal
1195,0.000754426,0.640491591,Internal
1196,0.00063632,-0.851760796,Internal
1197,0.0014556,-0.06837567,Internal
1198,0.000422591,-0.038194429,Internal
1199,0.001733241,-1.98818157,Internal
1200,0.000490723,1.605102003,Internal
1201,0.000487129,0.324533051,Internal
1202,0.000861361,0.422498981,Internal
1203,0.000784405,-1.328448607,Internal
1204,0.000864882,-0.124690207,Internal
1205,0.00066107,-0.565084675,Internal
1206,0.001004519,-0.356887662,Internal
1207,0.000747428,0.085830349,Internal
1208,0.000636243,0.185844213,Internal
1209,0.001152467,-0.175353202,Internal
1210,0.00045131,0.401299601,Internal
1211,0.000928819,1.142925575,Internal
1212,0.000920308,0.425230763,Internal
1213,0.000619662,0.481670404,Internal
1214,0.00072131,0.658499682,Internal
1215,0.001205013,0.953199428,Internal
1216,0.001908758,-1.494476169,Internal
1217,0.000917974,0.607602792,Internal
1218,0.000537751,0.094362558,Internal
1219,0.000390724,0.369127565,Internal
1220,0.000422864,-1.489206021,Internal
1221,0.000505464,0.139367323,Internal
1222,0.00091013,-0.41435723,Internal
1223,0.000485102,-0.335700751,Internal
1224,0.000998706,-0.501469014,Internal
1225,0.000391675,0.316497395,Internal
1226,0.001172518,-0.2840457,Internal
1227,0.000718827,-1.019293133,Internal
1228,0.001176296,0.487187827,Internal
1229,0.00051606,-0.151183839,Internal
1230,0.017496015,2.946368325,Internal
1231,0.000949527,-2.012802495,Internal
1232,0.000403566,1.084034008,Internal
1233,0.000402564,-0.155758496,Internal
1234,0.019193037,10.30019737,Internal
1235,0.001051588,-0.868733162,Internal
1236,0.000814589,0.553293209,Internal
1237,0.000694228,0.043471662,Internal
1238,0.000649441,0.191149314,Internal
1239,0.001540857,-0.956618024,Internal
1240,0.000393592,-1.018906975,Internal
1241,0.000597135,-0.408392307,Internal
1242,0.000473186,-0.785533,Internal
1243,0.001004941,-0.302363782,Internal
1244,0.0003943,-0.212614579,Internal
1245,0.000401606,0.433781388,Internal
1246,0.000395139,-0.10400216,Internal
1247,0.000466241,0.070205567,Internal
1248,0.002241827,0.559780275,Internal
1249,0.000394995,0.171205443,Internal
1250,0.000406277,-0.175987278,Internal
1251,0.000461927,-0.058652204,Internal
1252,0.000776361,-0.539977468,Internal
1253,0.000398836,-0.166207027,Internal
1254,0.000405052,0.174209801,Internal
1255,0.001711223,-0.54475412,Internal
1256,0.000723682,-0.148019447,Internal
1257,0.00040457,0.304961893,Internal
1258,0.000595309,-0.018155571,Internal
1259,0.001330474,1.733947742,Internal
1260,0.000442754,0.536779545,Internal
1261,0.000469423,2.476582142,Internal
1262,0.00043865,-0.276567659,Internal
1263,0.000616318,-0.01967654,Internal
1264,0.001051588,-1.701076789,Internal
1265,0.000504253,-0.319895721,Internal
1266,0.000639632,-1.399362389,Internal
1267,0.00069574,0.402696781,Internal
1268,0.000875694,0.26454192,Internal
1269,0.000491652,-0.257393647,Internal
1270,0.001449496,1.476125824,Internal
1271,0.000655682,0.772957333,Internal
1272,0.000563424,-0.403729395,Internal
1273,0.001966723,-0.416576081,Internal
1274,0.000426437,-0.005268827,Internal
1275,0.001186541,-0.225981862,Internal
1276,0.000712979,-1.817273357,Internal
1277,0.000589517,0.23517756,Internal
1278,0.000490701,-0.352003871,Internal
1279,0.000988769,0.385897892,Internal
1280,0.000585449,0.00772426,Internal
1281,0.000411054,-1.316598366,Internal
1282,0.000496833,-0.462479218,Internal
1283,0.001678354,-0.00192823,Internal
1284,0.000402498,-0.06698622,Internal
1285,0.000643034,1.792696349,Internal
1286,0.000389385,-0.184617716,Internal
1287,0.000506668,0.576758445,Internal
1288,0.000585357,0.590226565,Internal
1289,0.000521722,-1.05323087,Internal
1290,0.000391662,-0.554992013,Internal
1291,0.000648871,0.019825519,Internal
1292,0.00051606,0.341161356,Internal
1293,0.000415692,-0.465672652,Internal
1294,0.000771895,0.669916757,Internal
1295,0.000507865,0.37186764,Internal
1296,0.000428779,-0.055718409,Internal
1297,0.000511299,0.262623538,Internal
1298,0.00088058,0.285229599,Internal
1299,0.002107703,-0.486970856,Internal
1300,0.001745303,-0.915072532,Internal
1301,0.000398522,0.98148609,Internal
1302,0.000542836,1.48123933,Internal
1303,0.000940546,-1.829584099,Internal
1304,0.000389323,0.227716296,Internal
1305,0.000607976,-0.293824171,Internal
1306,0.000605444,0.028555327,Internal
1307,0.00046033,0.117800683,Internal
1308,0.000448893,-3.283084683,Internal
1309,0.000417108,-0.170977925,Internal
1310,0.000768036,0.155937066,Internal
1311,0.000890817,0.745700791,Internal
1312,0.000416762,0.439613232,Internal
1313,0.00039062,-0.090435293,Internal
1314,0.000390788,-0.399492215,Internal
1315,0.001792992,-1.087744818,Internal
1316,0.000896107,0.335000713,Internal
1317,0.000680832,0.280313087,Internal
1318,0.000411111,1.296488281,Internal
1319,0.000400774,0.358570953,Internal
1320,0.000422864,-0.853941235,Internal
1321,0.000805058,0.156335531,Internal
1322,0.000673497,-0.009315977,Internal
1323,0.00140152,1.082778439,Internal
1324,0.001293432,-0.435450216,Internal
1325,0.000839338,-0.472469895,Internal
1326,0.000389332,-0.720974879,Internal
1327,0.000759824,-1.3391059,Internal
1328,0.000499336,0.128847513,Internal
1329,0.00073128,-0.377462047,Internal
1330,0.001922666,0.602124975,Internal
1331,0.000485102,-1.086869138,Internal
1332,0.001706993,-0.302790759,Internal
1333,0.000392961,0.354770766,Internal
1334,0.000389319,-0.532876341,Internal
1335,0.000391642,-0.115633404,Internal
1336,0.000436003,-0.119423469,Internal
1337,0.000686653,0.818569789,Internal
1338,0.000434504,-0.287855701,Internal
1339,0.000393976,-0.071226471,Internal
1340,0.000835176,0.548842387,Internal
1341,0.000390011,0.215488181,Internal
1342,0.000629471,0.061589204,Internal
1343,0.000690108,0.071593865,Internal
1344,0.0005468,0.259381956,Internal
1345,0.001081857,0.193092027,Internal
1346,0.000479787,0.034058426,Internal
1347,0.000917784,-3.405348343,Internal
1348,0.000416806,0.615034876,Internal
1349,0.001363357,-1.360208453,Internal
1350,0.000393339,-0.007823501,Internal
1351,0.000722445,0.537997416,Internal
1352,0.000406791,0.167978992,Internal
1353,0.00039077,-0.083567058,Internal
1354,0.000536539,0.558587405,Internal
1355,0.000632846,0.488586715,Internal
1356,0.000766963,0.098528582,Internal
1357,0.001561292,0.283126558,Internal
1358,0.000589903,0.029505294,Internal
1359,0.000552287,-0.253062057,Internal
1360,0.000834472,-0.833408742,Internal
1361,0.000636243,0.185844213,Internal
1362,0.000821856,-0.118901255,Internal
1363,0.000917974,-0.032267576,Internal
1364,0.000396164,-1.068526944,Internal
1365,0.000771973,0.132037643,Internal
1366,0.000928819,1.142925575,Internal
1367,0.000417347,0.874787878,Internal
1368,0.000400774,-0.568488646,Internal
1369,0.000404256,0.100953067,Internal
1370,0.00077119,0.408882068,Internal
1371,0.000424602,-0.644587859,Internal
1372,0.000590741,-0.24507957,Internal
1373,0.001566624,-0.269475579,Internal
1374,0.000831472,0.001293705,Internal
1375,0.000432831,-0.626219109,Internal
1376,0.001287355,-0.584929317,Internal
1377,0.000421217,-0.418502142,Internal
1378,0.001477402,0.252337637,Internal
1379,0.000464119,-0.277563243,Internal
1380,0.000830525,0.152616765,Internal
1381,0.001017241,0.035259917,Internal
1382,0.000541559,1.040347018,Internal
1383,0.000767875,-1.448743824,Internal
1384,0.000390345,-0.33306021,Internal
1385,0.000491652,-0.599983011,Internal
1386,0.000551127,-0.933712771,Internal
1387,0.000411778,-0.005104933,Internal
1388,0.00096759,0.084708764,Internal
1389,0.000628626,0.404308011,Internal
1390,0.000467838,0.24806831,Internal
1391,0.000389869,1.169519533,Internal
1392,0.000580498,0.125992755,Internal
1393,0.000418462,0.413631977,Internal
1394,0.000395516,-0.312252093,Internal
1395,0.000923731,-0.182642447,Internal
1396,0.001051588,-1.116541366,Internal
1397,0.000725072,-0.02029811,Internal
1398,0.000408625,-0.647818109,Internal
1399,0.001193004,0.631396494,Internal
1400,0.0005468,0.259381956,Internal
1401,0.000389323,0.015488717,Internal
1402,0.000467764,0.131634957,Internal
1403,0.000389613,-0.147911859,Internal
1404,0.000397035,0.17283269,Internal
1405,0.000411458,0.912725292,Internal
1406,0.001108964,-0.304623797,Internal
1407,0.000391052,-0.555813412,Internal
1408,0.001439429,0.391681788,Internal
1409,0.001317098,0.365201485,Internal
1410,0.000468713,-0.11832661,Internal
1411,0.000824713,0.128044138,Internal
1412,0.000418427,0.255934387,Internal
1413,0.000466241,0.173238539,Internal
1414,0.000866983,0.728488536,Internal
1415,0.000439974,-0.295108737,Internal
1416,0.000456705,-0.017329272,Internal
1417,0.000498894,-0.319757123,Internal
1418,0.001642476,-0.632544784,Internal
1419,0.000537751,-0.205324503,Internal
1420,0.000401672,0.20143814,Internal
1421,0.00069574,0.402696781,Internal
1422,0.00194832,-0.467471345,Internal
1423,0.000396164,0.201924088,Internal
1424,0.000526148,0.193885236,Internal
1425,0.000883912,0.356833744,Internal
1426,0.001017034,-1.461553917,Internal
1427,0.000421899,-0.283230765,Internal
1428,0.000789054,-0.255066002,Internal
1429,0.000961357,-1.453193825,Internal
1430,0.000473704,0.790452817,Internal
1431,0.001206465,0.525139283,Internal
1432,0.000700599,-0.01765033,Internal
1433,0.000768036,0.297872274,Internal
1434,0.000406791,-0.286108453,Internal
1435,0.001614555,-0.197044556,Internal
1436,0.000437094,-0.356825494,Internal
1437,0.000540271,-0.857321052,Internal
1438,0.000468713,0.135910716,Internal
1439,0.000588428,-0.048913191,Internal
1440,0.000543976,-0.026531293,Internal
1441,0.000673497,-0.107578363,Internal
1442,0.001172518,-0.357069998,Internal
1443,0.000402769,-1.483370794,Internal
1444,0.00039145,0.861747373,Internal
1445,0.00074488,-1.166856299,Internal
1446,0.000624145,-0.404976437,Internal
1447,0.000488648,0.607245294,Internal
1448,0.000752619,-0.394610667,Internal
1449,0.000389869,-0.16276248,Internal
1450,0.00074206,-0.044655318,Internal
1451,0.000389106,0.137977144,Internal
1452,0.001288034,0.142548173,Internal
1453,0.000513149,-0.169444006,Internal
1454,0.000415422,-0.484421268,Internal
1455,0.000413721,0.022221223,Internal
1456,0.001924698,1.597986133,Internal
1457,0.000737315,-1.643869164,Internal
1458,0.000607976,-0.293824171,Internal
1459,0.000596077,-0.264720314,Internal
1460,0.000445721,0.694478798,Internal
1461,0.001821424,-0.068030291,Internal
1462,0.000547964,-0.053800305,Internal
1463,0.000432606,0.47157243,Internal
1464,0.000397702,-0.239819876,Internal
1465,0.001165545,0.596851891,Internal
1466,0.001327698,0.188046449,Internal
1467,0.000462714,-1.297919286,Internal
1468,0.000400166,-0.373506301,Internal
1469,0.000546902,-0.649840518,Internal
1470,0.000724921,-2.27475835,Internal
1471,0.001017034,-0.305324734,Internal
1472,0.001436111,0.299820348,Internal
1473,0.000412413,-1.707485076,Internal
1474,0.000397988,0.719617673,Internal
1475,0.000479145,-0.449342068,Internal
1476,0.001363357,-1.360208453,Internal
1477,0.000428378,0.47018595,Internal
1478,0.000580575,0.356260971,Internal
1479,0.000493022,-0.630421817,Internal
1480,0.001259171,0.075741451,Internal
1481,0.000500823,-0.63193723,Internal
1482,0.000504374,0.049233936,Internal
1483,0.002851586,2.350138079,Internal
1484,0.000404256,-0.584215726,Internal
1485,0.001854715,0.677446813,Internal
1486,0.000958934,0.171964397,Internal
1487,0.001924375,-0.515283998,Internal
1488,0.000391052,-0.555813412,Internal
1489,0.000724921,-1.376430331,Internal
1490,0.000524277,-0.162727764,Internal
1491,0.000389106,-0.330222196,Internal
1492,0.000530477,0.134627401,Internal
1493,0.000392822,0.126295332,Internal
1494,0.000605444,0.028555327,Internal
1495,0.00099609,-0.910608847,Internal
1496,0.000917588,0.094049382,Internal
1497,0.00049518,2.29E-05,Internal
1498,0.000394995,0.171205443,Internal
1499,0.000410677,0.26695339,Internal
1500,0.000391567,1.11343108,Internal
1501,0.000546902,-0.469423768,Internal
1502,0.000537751,0.882433484,Internal
1503,0.000419655,0.238782224,Internal
1504,0.0007243,0.264386902,Internal
1505,0.000402277,-0.267040938,Internal
1506,0.000507865,-0.001980292,Internal
1507,0.000682236,-0.750562287,Internal
1508,0.000543976,-0.026531293,Internal
1509,0.001181556,-0.600056761,Internal
1510,0.000389869,-0.69752508,Internal
1511,0.000390103,0.199991549,Internal
1512,0.00174248,-3.522079886,Internal
1513,0.000459875,-0.559757164,Internal
1514,0.001130025,0.768325521,Internal
1515,0.000537852,1.723234849,Internal
1516,0.000450058,0.14297658,Internal
1517,0.000416762,-0.421380714,Internal
1518,0.000661766,0.403379846,Internal
1519,0.000636371,0.948109215,Internal
1520,0.000393976,-0.071226471,Internal
1521,0.000511325,-0.525661657,Internal
1522,0.000467764,-0.728131131,Internal
1523,0.000390764,0.03749424,Internal
1524,0.000587522,0.033584856,Internal
1525,0.000557623,0.388333253,Internal
1526,0.000506668,0.429306353,Internal
1527,0.000541559,-0.310147589,Internal
1528,0.001852454,-0.644102685,Internal
1529,0.000655682,-0.038602702,Internal
1530,0.000408612,0.5909056,Internal
1531,0.000452293,-0.315910675,Internal
1532,0.000504253,-1.230967779,Internal
1533,0.000450841,-0.207653075,Internal
1534,0.000700599,0.051162999,Internal
1535,0.000562445,-0.016635676,Internal
1536,0.000403231,0.49502738,Internal
1537,0.000537751,-0.990650086,Internal
1538,0.000586382,-0.058440539,Internal
1539,0.000529403,0.408830065,Internal
1540,0.000787179,-0.073418326,Internal
1541,0.000403496,-0.444558176,Internal
1542,0.000515967,-0.355590674,Internal
1543,0.000441429,0.007715958,Internal
1544,0.000459875,0.449582339,Internal
1545,0.0003943,1.015934425,Internal
1546,0.001326302,1.506325213,Internal
1547,0.000479506,-0.25918109,Internal
1548,0.000640422,2.070688634,Internal
1549,0.000525048,0.002965808,Internal
1550,0.000466241,-0.062559833,Internal
1551,0.001698694,-0.639491519,Internal
1552,0.00062341,-0.073403909,Internal
1553,0.001244125,-0.365922972,Internal
1554,0.00066107,-0.565084675,Internal
1555,0.001363357,-1.360208453,Internal
1556,0.00076404,0.198936543,Internal
1557,0.000389332,-0.759968334,Internal
1558,0.002149532,-0.432830447,Internal
1559,0.000409722,-0.525669477,Internal
1560,0.000741358,-0.172896223,Internal
1561,0.001051588,-0.868733162,Internal
1562,0.000491736,-0.234958072,Internal
1563,0.000588346,0.110297171,Internal
1564,0.000495063,0.122911763,Internal
1565,0.000896107,0.335000713,Internal
1566,0.002617635,1.926668896,Internal
1567,0.000707362,-0.055443383,Internal
1568,0.000537751,-0.556026164,Internal
1569,0.001327698,0.188046449,Internal
1570,0.000730295,1.84605533,Internal
1571,0.000563424,-0.403729395,Internal
1572,0.000651957,0.088748882,Internal
1573,0.002094306,-0.743689809,Internal
1574,0.001436111,0.299820348,Internal
1575,0.00194832,-0.467471345,Internal
1576,0.000391675,0.082608303,Internal
1577,0.000537751,-0.556026164,Internal
1578,0.00075217,-1.020186867,Internal
1579,0.000685786,0.389422403,Internal
1580,0.000759983,2.045025397,Internal
1581,0.000406228,0.560243934,Internal
1582,0.000434504,-0.287855701,Internal
1583,0.001060216,0.214154853,Internal
1584,0.000391464,-0.112872752,Internal
1585,0.000634236,0.15909158,Internal
1586,0.000674981,0.177118366,Internal
1587,0.000391097,1.195372545,Internal
1588,0.000655682,-0.062502133,Internal
1589,0.001055711,0.22283669,Internal
1590,0.000485102,-1.086869138,Internal
1591,0.000868293,-0.424077743,Internal
1592,0.000732324,-0.843575343,Internal
1593,0.001329617,0.147140216,Internal
1594,0.000405052,-0.380977743,Internal
1595,0.000391662,-0.67246386,Internal
1596,0.00075217,-0.163035155,Internal
1597,0.000540271,-0.857321052,Internal
1598,0.000440299,-0.240748611,Internal
1599,0.001213435,2.463497936,Internal
1600,0.000539091,0.022817102,Internal
1601,0.001313659,-0.518839299,Internal
1602,0.000830525,0.152616765,Internal
1603,0.000946997,0.843445456,Internal
1604,0.000473704,-0.643054952,Internal
1605,0.000432661,0.199450694,Internal
1606,0.000628989,0.54756988,Internal
1607,0.000440299,-0.240748611,Internal
1608,0.000642383,-0.223108004,Internal
1609,0.000397081,0.245064772,Internal
1610,0.0014556,-0.06837567,Internal
1611,0.001538398,-0.752012309,Internal
1612,0.001092628,-0.495649386,Internal
1613,0.000452835,-0.960973185,Internal
1614,0.000973926,-0.177300783,Internal
1615,0.001142761,-1.305037306,Internal
1616,0.000428239,0.122310008,Internal
1617,0.000419655,-0.066396233,Internal
1618,0.000841076,0.414210593,Internal
1619,0.000405052,-0.453974295,Internal
1620,0.000967042,-0.336028767,Internal
1621,0.000541954,0.036808122,Internal
1622,0.000440941,0.244658866,Internal
1623,0.000396242,0.026498826,Internal
1624,0.001186541,-0.225981862,Internal
1625,0.001292409,-0.667246715,Internal
1626,0.000917974,0.217971113,Internal
1627,0.000475823,-0.010004716,Internal
1628,0.000539913,0.232656875,Internal
1629,0.000675209,0.232633183,Internal
1630,0.000443623,-0.038392498,Internal
1631,0.000673357,-1.078241843,Internal
1632,0.000603061,-0.18245482,Internal
1633,0.000580906,-0.134782685,Internal
1634,0.000636449,0.066402022,Internal
1635,0.000464119,-0.309530756,Internal
1636,0.000391097,0.333640518,Internal
1637,0.001569325,-0.914575906,Internal
1638,0.00096759,0.084708764,Internal
1639,0.000646259,0.115149932,Internal
1640,0.000541559,-0.310147589,Internal
1641,0.000421726,-0.531979003,Internal
1642,0.000542836,1.48123933,Internal
1643,0.000988769,0.385897892,Internal
1644,0.000390234,-1.149474628,Internal
1645,0.000470804,-0.230801638,Internal
1646,0.000392091,-0.735601536,Internal
1647,0.00039022,-0.327623166,Internal
1648,0.000547964,-0.187903108,Internal
1649,0.000389385,-0.184617716,Internal
1650,0.000395516,-0.409826553,Internal
1651,0.001367378,-1.197821899,Internal
1652,0.000762196,-0.361915264,Internal
1653,0.000539913,0.192415731,Internal
1654,0.000601133,0.156736213,Internal
1655,0.000923731,-0.182642447,Internal
1656,0.000661766,-0.149497889,Internal
1657,0.000473704,-0.643054952,Internal
1658,0.000976905,-0.308990132,Internal
1659,0.001047444,-0.072005288,Internal
1660,0.000418172,-0.089319491,Internal
1661,0.001327698,0.188046449,Internal
1662,0.000537751,-0.727725679,Internal
1663,0.000416353,0.223302212,Internal
1664,0.000538086,0.359685816,Internal
1665,0.000538086,0.359685816,Internal
1666,0.00048605,-1.259725079,Internal
1667,0.00058428,0.124865407,Internal
1668,0.000411111,1.296488281,Internal
1669,0.000456408,-0.434891866,Internal
1670,0.000451248,0.134387959,Internal
1671,0.000549414,-0.385051179,Internal
1672,0.000392123,0.250902003,Internal
1673,0.000450058,0.14297658,Internal
1674,0.000506668,0.576758445,Internal
1675,0.000837705,0.595858513,Internal
1676,0.000422864,-1.489206021,Internal
1677,0.00134784,-0.447753176,Internal
1678,0.001181863,0.532914312,Internal
1679,0.000593846,0.136700568,Internal
1680,0.000532611,-0.297046778,Internal
1681,0.000401737,-0.165401731,Internal
1682,0.000392822,0.126295332,Internal
1683,0.000411778,-0.316493438,Internal
1684,0.000395367,0.433932658,Internal
1685,0.000603061,-0.18245482,Internal
1686,0.001414362,0.477475936,Internal
1687,0.000390764,0.03749424,Internal
1688,0.000830525,0.152616765,Internal
1689,0.000547964,-0.187903108,Internal
1690,0.000570216,-0.249715178,Internal
1691,0.001336759,-1.752210167,Internal
1692,0.000801802,-0.777691151,Internal
1693,0.000742671,0.465903483,Internal
1694,0.000787912,1.938416112,Internal
1695,0.000673497,-0.009315977,Internal
1696,0.000702597,-0.855332179,Internal
1697,0.000988769,0.385897892,Internal
1698,0.000537751,-0.718814919,Internal
1699,0.001135598,0.099056188,Internal
1700,0.001375602,0.150415947,Internal
1701,0.000432606,-0.583485222,Internal
1702,0.00039309,-0.807621395,Internal
1703,0.000415116,-0.286532628,Internal
1704,0.000596077,-0.454322285,Internal
1705,0.0006256,-0.400495537,Internal
1706,0.000416762,-0.025781232,Internal
1707,0.000400723,-0.43034023,Internal
1708,0.001080784,-1.644862043,Internal
1709,0.000468713,-0.11832661,Internal
1710,0.001192316,-1.240716449,Internal
1711,0.000961357,-1.737435011,Internal
1712,0.000563424,-0.403729395,Internal
1713,0.000607976,-0.855718393,Internal
1714,0.001101268,0.410022776,Internal
1715,0.000391824,0.322808785,Internal
1716,0.00091013,-0.41435723,Internal
1717,0.000656298,0.425519619,Internal
1718,0.000690713,-2.546833395,Internal
1719,0.000882289,-0.692185335,Internal
1720,0.00058428,0.378381605,Internal
1721,0.000612799,0.084701442,Internal
1722,0.000665038,-1.176943048,Internal
1723,0.001985174,-3.010994026,Internal
1724,0.000475647,-0.726372197,Internal
1725,0.000390103,0.199991549,Internal
1726,0.000994306,0.647634796,Internal
1727,0.00074206,-0.044655318,Internal
1728,0.000464119,0.024971368,Internal
1729,0.000834606,0.283258626,Internal
1730,0.000917588,0.094049382,Internal
1731,0.000661766,-0.149497889,Internal
1732,0.000566761,0.394316915,Internal
1733,0.000448893,-0.600851481,Internal
1734,0.000432661,0.199450694,Internal
1735,0.001092628,-0.433973345,Internal
1736,0.000768506,0.208458122,Internal
1737,0.000643804,0.779799933,Internal
1738,0.000498894,-0.511851813,Internal
1739,0.000534723,0.077573307,Internal
1740,0.000485102,-0.992365002,Internal
1741,0.000429138,-0.067045516,Internal
1742,0.000730615,1.195049528,Internal
1743,0.000557056,0.818468037,Internal
1744,0.000801802,-0.777691151,Internal
1745,0.00042928,0.660232408,Internal
1746,0.000465657,0.85645056,Internal
1747,0.000415465,0.209264221,Internal
1748,0.000552944,0.770608539,Internal
1749,0.000790845,0.57932526,Internal
1750,0.000873861,0.949649431,Internal
1751,0.000539002,-0.212372939,Internal
1752,0.000397988,-0.01098737,Internal
1753,0.000737926,-0.297454056,Internal
1754,0.001059988,-0.306935433,Internal
1755,0.000813413,0.142693402,Internal
1756,0.000923731,-0.182642447,Internal
1757,0.00051606,0.57649137,Internal
1758,0.000434337,0.180789368,Internal
1759,0.000590066,0.754875146,Internal
1760,0.001017034,-1.213987399,Internal
1761,0.000526473,0.485621993,Internal
1762,0.000831472,0.001293705,Internal
1763,0.000783453,-0.31437095,Internal
1764,0.000603061,-0.18245482,Internal
1765,0.000755863,1.237907982,Internal
1766,0.000823548,0.099471698,Internal
1767,0.001126551,-0.574787345,Internal
1768,0.000434337,-0.058129289,Internal
1769,0.000432661,0.199450694,Internal
1770,0.000405052,-0.380977743,Internal
1771,0.001142761,-1.305037306,Internal
1772,0.001092628,-2.036222438,Internal
1773,0.000605825,-0.116557417,Internal
1774,0.00048651,1.07057617,Internal
1775,0.000654323,0.032728543,Internal
1776,0.001120092,1.695665615,Internal
1777,0.001292409,0.550901413,Internal
1778,0.000632545,0.17370411,Internal
1779,0.000625518,0.771517088,Internal
1780,0.000483256,-0.060155846,Internal
1781,0.000395756,0.139588306,Internal
1782,0.000882289,-1.454327455,Internal
1783,0.000815257,0.623055526,Internal
1784,0.000866983,0.215318406,Internal
1785,0.000866802,-1.605236183,Internal
1786,0.000987324,-0.791779294,Internal
1787,0.000392474,-0.260267737,Internal
1788,0.017496015,2.946368325,Internal
1789,0.001173152,-0.482110972,Internal
1790,0.000424149,2.097815679,Internal
1791,0.000631299,-0.485287823,Internal
1792,0.001792992,-1.087744818,Internal
1793,0.000852539,-1.03943235,Internal
1794,0.000603607,0.325695071,Internal
1795,0.000398522,0.39492438,Internal
1796,0.000405052,-0.759896474,Internal
1797,0.000391662,0.463614297,Internal
1798,0.000419013,0.130992226,Internal
1799,0.000493747,-0.00401924,Internal
1800,0.000395139,-0.10400216,Internal
1801,0.000728495,0.287660883,Internal
1802,0.000612799,0.084701442,Internal
1803,0.000675209,0.232633183,Internal
1804,0.001126551,-0.574787345,Internal
1805,0.001304952,-0.982829103,Internal
1806,0.000690713,-2.546833395,Internal
1807,0.002241827,0.559780275,Internal
1808,0.000419961,-0.876524623,Internal
1809,0.000392009,0.300826031,Internal
1810,0.002250016,-0.970158023,Internal
1811,0.000639764,0.763070345,Internal
1812,0.000722445,0.537997416,Internal
1813,0.001108964,-0.304623797,Internal
1814,0.000405595,-0.013973175,Internal
1815,0.000395231,-0.06769863,Internal
1816,0.001790108,0.097770031,Internal
1817,0.000511325,-0.104066078,Internal
1818,0.000389323,-0.036784032,Internal
1819,0.000522837,-0.444806683,Internal
1820,0.000389132,-0.524725157,Internal
1821,0.000703053,0.645189935,Internal
1822,0.000605444,0.028555327,Internal
1823,0.001234703,0.477700406,Internal
1824,0.000573795,-0.581695891,Internal
1825,0.000661766,0.167323482,Internal
1826,0.000482502,-0.128794889,Internal
1827,0.00042928,0.127499421,Internal
1828,0.001706993,-0.302790759,Internal
1829,0.000459875,-0.197107781,Internal
1830,0.001327698,0.188046449,Internal
1831,0.000571354,-0.233122567,Internal
1832,0.001512598,-1.360133056,Internal
1833,0.000920308,0.425230763,Internal
1834,0.000718827,-0.092109768,Internal
1835,0.000661766,0.041036415,Internal
1836,0.000967042,-0.336028767,Internal
1837,0.000825885,-0.129179746,Internal
1838,0.000554195,0.029241011,Internal
1839,0.000747428,-0.31499294,Internal
1840,0.000715562,0.037042122,Internal
1841,0.000833093,1.116990273,Internal
1842,0.000415725,-0.211677206,Internal
1843,0.000424317,0.028358724,Internal
1844,0.00120357,-0.229345145,Internal
1845,0.000595548,0.006285201,Internal
1846,0.000967042,-0.336028767,Internal
1847,0.000529403,-0.01304925,Internal
1848,0.001006861,0.954947647,Internal
1849,0.000432661,0.199450694,Internal
1850,0.000394103,0.403549562,Internal
1851,0.000557623,-0.30450415,Internal
1852,0.000391461,-1.041667617,Internal
1853,0.000398522,-0.242532967,Internal
1854,0.000615775,-1.331202862,Internal
1855,0.000718827,0.074193092,Internal
1856,0.000515967,-0.427865084,Internal
1857,0.000690713,0.966640253,Internal
1858,0.000559504,0.004153639,Internal
1859,0.000491736,-0.111111715,Internal
1860,0.000414244,3.627157882,Internal
1861,0.00040457,0.304961893,Internal
1862,0.001172518,-0.357069998,Internal
1863,0.000392837,0.498586541,Internal
1864,0.000408625,-0.107400711,Internal
1865,0.000563424,-0.403729395,Internal
1866,0.00039022,0.291576763,Internal
1867,0.000917974,1.8191714,Internal
1868,0.000454255,0.159913714,Internal
1869,0.000392837,-0.022055564,Internal
1870,0.000401631,1.917111748,Internal
1871,0.000580498,0.125992755,Internal
1872,0.001771859,-0.067740893,Internal
1873,0.000483256,0.023449241,Internal
1874,0.00043194,-0.923431386,Internal
1875,0.000451933,-0.047678961,Internal
1876,0.000523724,-0.252307939,Internal
1877,0.000528345,-0.124636949,Internal
1878,0.00046419,-0.375216909,Internal
1879,0.001081857,0.193092027,Internal
1880,0.000402769,0.020095055,Internal
1881,0.00213507,-0.714416136,Internal
1882,0.000638583,-0.915883928,Internal
1883,0.000768036,0.812708995,Internal
1884,0.001017241,0.217784246,Internal
1885,0.000547964,-0.053800305,Internal
1886,0.000566962,0.009884192,Internal
1887,0.000593846,-0.447064235,Internal
1888,0.000546902,-0.649840518,Internal
1889,0.000402074,0.635949234,Internal
1890,0.000426437,-0.313222075,Internal
1891,0.000882289,-0.373516164,Internal
1892,0.000551127,0.229554351,Internal
1893,0.001783327,0.085283407,Internal
1894,0.000697341,0.584072911,Internal
1895,0.000614733,0.497669705,Internal
1896,0.000959741,0.400571067,Internal
1897,0.000536814,-0.599799639,Internal
1898,0.003098201,-0.468451821,Internal
1899,0.000430129,0.018241767,Internal
1900,0.001029859,-0.449575257,Internal
1901,0.000393212,-0.09574806,Internal
1902,0.000608625,0.279765024,Internal
1903,0.000506948,-0.729434928,Internal
1904,0.001094437,-0.331489215,Internal
1905,0.000395231,-0.051654223,Internal
1906,0.000686907,0.644144424,Internal
1907,0.000857934,0.893830303,Internal
1908,0.000724187,0.28100743,Internal
1909,0.000427576,-0.367931475,Internal
1910,0.000765645,0.427376027,Internal
1911,0.000637781,0.079321465,Internal
1912,0.001861456,1.482124055,Internal
1913,0.000490723,1.605102003,Internal
1914,0.001790108,0.097770031,Internal
1915,0.000694228,0.043471662,Internal
1916,0.00049518,2.29E-05,Internal
1917,0.000408625,-0.647818109,Internal
1918,0.000852539,-1.03943235,Internal
1919,0.000571806,0.171233396,Internal
1920,0.00055477,0.18758953,Internal
1921,0.000394103,0.403549562,Internal
1922,0.000651957,0.088748882,Internal
1923,0.000401737,-0.688380576,Internal
1924,0.000391662,-0.67246386,Internal
1925,0.000389797,0.125385055,Internal
1926,0.000514451,0.369750405,Internal
1927,0.000836067,0.489314736,Internal
1928,0.001292409,-0.667246715,Internal
1929,0.00039022,0.297627269,Internal
1930,0.001106096,0.017039461,Internal
1931,0.000762019,0.686956028,Internal
1932,0.001121388,-0.669796414,Internal
1933,0.000718827,-0.296191592,Internal
1934,0.000426249,0.578876315,Internal
1935,0.002272826,2.042438788,Internal
1936,0.000406791,-0.046694953,Internal
1937,0.000607741,-0.123660361,Internal
1938,0.000430431,0.18493912,Internal
1939,0.000403496,-0.157323992,Internal
1940,0.000603607,0.325695071,Internal
1941,0.000439305,1.228552916,Internal
1942,0.000469996,0.260756525,Internal
1943,0.0003943,-0.159557377,Internal
1944,0.000401737,-0.688380576,Internal
1945,0.000389629,0.153458167,Internal
1946,0.000560198,0.373290234,Internal
1947,0.000404256,-0.973735131,Internal
1948,0.000755863,0.150430147,Internal
1949,0.000418949,0.106150421,Internal
1950,0.000397069,-0.071901267,Internal
1951,0.00051606,-0.055618244,Internal
1952,0.000401345,-0.004804256,Internal
1953,0.001262548,-0.503350217,Internal
1954,0.000570465,0.292858195,Internal
1955,0.012188317,7.330399803,Internal
1956,0.000587522,0.033584856,Internal
1957,0.000400756,-0.288975979,Internal
1958,0.000601986,1.710704309,Internal
1959,0.00051024,-0.131977547,Internal
1960,0.001706993,-0.302790759,Internal
1961,0.000407668,-1.02581179,Internal
1962,0.001783327,0.085283407,Internal
1963,0.001055711,0.22283669,Internal
1964,0.000526148,-1.584563897,Internal
1965,0.000398522,-1.375992002,Internal
1966,0.001132901,-0.231624461,Internal
1967,0.000419961,-0.876524623,Internal
1968,0.000511299,0.262623538,Internal
1969,0.001733241,-1.715320766,Internal
1970,0.00039309,0.13178562,Internal
1971,0.000482097,0.014795075,Internal
1972,0.000537751,0.760425981,Internal
1973,0.000454721,0.605285639,Internal
1974,0.000461927,-0.058652204,Internal
1975,0.000917974,0.217971113,Internal
1976,0.000637781,-0.368505291,Internal
1977,0.0014556,-1.235603624,Internal
1978,0.001771859,-0.067740893,Internal
1979,0.001792992,-0.505313267,Internal
1980,0.000593846,-0.447064235,Internal
1981,0.000460546,-0.164483826,Internal
1982,0.000555762,-0.145989607,Internal
1983,0.017342935,4.261138909,Internal
1984,0.000513867,1.819786279,Internal
1985,0.001329617,-0.680879859,Internal
1986,0.00073128,-0.372571437,Internal
1987,0.000460698,-0.168535724,Internal
1988,0.002272826,2.042438788,Internal
1989,0.000511325,-0.525661657,Internal
1990,0.000515967,-0.333277566,Internal
1991,0.002241827,0.559780275,Internal
1992,0.001154222,0.402223706,Internal
1993,0.000632846,0.488586715,Internal
1994,0.001317098,0.365201485,Internal
1995,0.001094437,-0.331489215,Internal
1996,0.000466618,-0.419235082,Internal
1997,0.000529403,0.408830065,Internal
1998,0.000390011,-0.048702034,Internal
1999,0.000882289,-0.434745681,Internal
2000,0.001436111,0.299820348,Internal
2001,0.000393339,-0.007823501,Internal
2002,0.000397988,-0.01098737,Internal
2003,0.001069533,-0.655854946,Internal
2004,0.001566624,-0.269475579,Internal
2005,0.00082648,0.261928168,Internal
2006,0.000691743,-1.005284002,Internal
2007,0.000422864,-0.14754605,Internal
2008,0.000624888,-0.038539242,Internal
2009,0.000511325,0.167944516,Internal
2010,0.000690643,0.973204165,Internal
2011,0.001236825,0.932918098,Internal
2012,0.000405085,0.395499526,Internal
2013,0.000418462,0.413631977,Internal
2014,0.000515967,-0.003075657,Internal
2015,0.000661766,0.041036415,Internal
2016,0.000389869,-0.580335031,Internal
2017,0.000442093,-0.17101404,Internal
2018,0.000712979,-0.309752958,Internal
2019,0.000422419,-0.070535914,Internal
2020,0.000422419,-0.777307947,Internal
2021,0.000835564,-1.222513017,Internal
2022,0.000389174,-0.212083894,Internal
2023,0.000495907,-0.126665555,Internal
2024,0.002809569,-1.254643684,Internal
2025,0.000390478,-0.290922284,Internal
2026,0.000498231,-0.118034136,Internal
2027,0.000396242,-1.151678605,Internal
2028,0.001172518,-1.997428923,Internal
2029,0.000515967,0.049643509,Internal
2030,0.001055711,0.22283669,Internal
2031,0.000805058,0.156335531,Internal
2032,0.000785324,-1.310481397,Internal
2033,0.001148766,1.080052748,Internal
2034,0.000798753,0.440481078,Internal
2035,0.00082648,0.261928168,Internal
2036,0.000464119,-1.752212749,Internal
2037,0.000621836,0.804476298,Internal
2038,0.000532303,-0.108913322,Internal
2039,0.000724921,-1.376430331,Internal
2040,0.000451768,-0.840997463,Internal
2041,0.000655651,-1.139160814,Internal
2042,0.000473704,0.413133293,Internal
2043,0.000418172,-0.150219352,Internal
2044,0.000437824,0.057047768,Internal
2045,0.000555725,-0.154445121,Internal
2046,0.000587417,-0.635686065,Internal
2047,0.000683158,0.612673519,Internal
2048,0.000560439,0.346600108,Internal
2049,0.000814589,0.553293209,Internal
2050,0.000389485,0.973694411,Internal
2051,0.001517125,-1.074320861,Internal
2052,0.000440941,1.097759209,Internal
2053,0.001101819,-0.488592335,Internal
2054,0.000827066,0.003036579,Internal
2055,0.001148422,-0.800702181,Internal
2056,0.000437164,0.562893839,Internal
2057,0.000839338,-0.814590171,External
2058,0.000870029,2.280093526,External
2059,0.000450976,-0.39705721,External
2060,0.000509544,0.042531061,External
2061,0.000751425,-0.903663108,External
2062,0.000607343,-0.030232592,External
2063,0.000627489,0.865270976,External
2064,0.000587417,-0.635686065,External
2065,0.002851586,2.350138079,External
2066,0.000575747,0.692665886,External
2067,0.000408856,-0.22081108,External
2068,0.000815257,0.623055526,External
2069,0.000389554,-1.819217246,External
2070,0.000558937,0.131167979,External
2071,0.000756716,-0.967480896,External
2072,0.001242694,1.8612143,External
2073,0.000464119,0.024971368,External
2074,0.0003943,-2.016158949,External
2075,0.001172518,-1.997428923,External
2076,0.000512587,1.118777896,External
2077,0.000389319,-1.061662348,External
2078,0.001146141,-0.615861621,External
2079,0.001985174,-3.010994026,External
2080,0.00211678,1.661065698,External
2081,0.000697341,0.584072911,External
2082,0.000391097,0.333640518,External
2083,0.000409895,-0.425096903,External
2084,0.00051024,-0.131977547,External
2085,0.000400774,-0.568488646,External
2086,0.000600448,-0.848374838,External
2087,0.000619855,-0.001257695,External
2088,0.000448566,0.200796604,External
2089,0.000490701,-0.352003871,External
2090,0.000638642,0.468473266,External
2091,0.000725072,-0.090035216,External
2092,0.000444179,0.276571642,External
2093,0.000696757,-0.838293581,External
2094,0.000432661,-0.860884634,External
2095,0.000466831,0.8293393,External
2096,0.002241827,0.559780275,External
2097,0.000390724,0.369127565,External
2098,0.000480605,0.854103068,External
2099,0.000412934,-0.369475803,External
2100,0.00105722,1.169441377,External
2101,0.000504374,0.049233936,External
2102,0.000408511,0.6753832,External
2103,0.000390345,-0.141564135,External
2104,0.000423582,0.159323878,External
2105,0.000513867,1.819786279,External
2106,0.001071164,0.515833142,External
2107,0.002846858,-1.819217644,External
2108,0.000398522,0.39492438,External
2109,0.000994306,0.647634796,External
2110,0.000460698,-0.168535724,External
2111,0.001908758,-1.494476169,External
2112,0.000658439,0.288124572,External
2113,0.000627489,0.865270976,External
2114,0.000487434,0.210515544,External
2115,0.000434914,-0.157159263,External
2116,0.000498088,-0.164984741,External
2117,0.000514077,-0.469071714,External
2118,0.000389869,-0.580335031,External
2119,0.000390234,-1.149474628,External
2120,0.000481962,-0.13264827,External
2121,0.000555725,-0.154445121,External
2122,0.000823548,0.099471698,External
2123,0.000399948,-0.316218004,External
2124,0.000417108,-0.170977925,External
2125,0.000432661,0.244488645,External
2126,0.000409895,-0.160598792,External
2127,0.000389869,0.565368664,External
2128,0.000397744,0.070989282,External
2129,0.000398364,0.778363416,External
2130,0.000987324,-0.791779294,External
2131,0.00039198,1.369600212,External
2132,0.000956541,-1.73427987,External
2133,0.000397035,0.17283269,External
2134,0.000440941,1.097759209,External
2135,0.00062341,-0.073403909,External
2136,0.000600433,0.109770104,External
2137,0.000458072,0.689875951,External
2138,0.000663039,-0.71541275,External
2139,0.001071164,0.515833142,External
2140,0.001569325,-0.914575906,External
2141,0.000484915,1.411526604,External
2142,0.001871849,0.245963963,External
2143,0.000561797,0.903414285,External
2144,0.000389332,-0.759968334,External
2145,0.001055711,0.22283669,External
2146,0.000530477,0.134627401,External
2147,0.000473704,0.790452817,External
2148,0.000783453,0.16291555,External
2149,0.001023778,-0.644046444,External
2150,0.000507865,0.37186764,External
2151,0.000679326,0.259825268,External
2152,0.000783453,1.55342273,External
2153,0.000580906,-0.134782685,External
2154,0.000736489,0.865087648,External
2155,0.000833982,1.558075084,External
2156,0.001771859,-0.067740893,External
2157,0.000521921,-0.425823099,External
2158,0.000409626,-0.773958271,External
2159,0.000475647,-0.726372197,External
2160,0.000588428,-0.297240021,External
2161,0.000794815,-0.913447234,External
2162,0.000496833,-0.462479218,External
2163,0.000508223,1.795042744,External
2164,0.000463243,-0.076914188,External
2165,0.001419477,0.588812078,External
2166,0.000811899,1.107808101,External
2167,0.000810165,-1.639430604,External
2168,0.000923731,0.407409578,External
2169,0.000436003,0.287398255,External
2170,0.000998706,-0.501469014,External
2171,0.001540857,-0.329628221,External
2172,0.001306188,1.79114936,External
2173,0.000706757,-0.967971162,External
2174,0.000402074,-1.462688169,External
2175,0.000459875,-0.197107781,External
2176,0.000901912,1.612965661,External
2177,0.000454152,-0.06247413,External
2178,0.000917784,-2.087612721,External
2179,0.000431819,1.336708864,External
2180,0.000417108,-1.217745729,External
2181,0.000429302,1.359049039,External
2182,0.000497385,0.148103119,External
2183,0.0003943,1.015934425,External
2184,0.000413721,-0.816692268,External
2185,0.000567956,-0.080191147,External
2186,0.000390011,0.215488181,External
2187,0.000492765,0.576478397,External
2188,0.000533669,3.247972307,External
2189,0.000994306,0.647634796,External
2190,0.000389106,-0.293998911,External
2191,0.000474248,1.765567789,External
2192,0.000661766,-0.149497889,External
2193,0.000500823,-0.63193723,External
2194,0.000391097,0.935598925,External
2195,0.001120092,1.695665615,External
2196,0.00046419,-0.540218307,External
2197,0.000415291,0.174517515,External
2198,0.001484747,-0.647644473,External
2199,0.000825098,1.816430601,External
2200,0.000422419,-0.070535914,External
2201,0.00100464,-2.032698408,External
2202,0.000389319,-2.326741995,External
2203,0.001152467,-0.175353202,External
2204,0.000835176,1.137735763,External
2205,0.000461227,0.035074488,External
2206,0.001135598,-0.76853261,External
2207,0.000649857,0.437136276,External
2208,0.000515967,-0.063323614,External
2209,0.000835564,-1.222513017,External
2210,0.0006256,-0.400495537,External
2211,0.000810165,-1.639430604,External
2212,0.000915841,1.473392672,External
2213,0.000564138,-0.171189585,External
2214,0.000628989,-0.54096744,External
2215,0.000840144,0.751758522,External
2216,0.001055711,0.22283669,External
2217,0.001108964,-0.304623797,External
2218,0.000396538,0.369368435,External
2219,0.000452012,-0.920144246,External
2220,0.00039022,0.297627269,External
2221,0.000566761,-0.848818614,External
2222,0.001306188,1.79114936,External
2223,0.000511299,0.262623538,External
2224,0.000747428,-0.31499294,External
2225,0.000430431,2.829622342,External
2226,0.000836067,0.489314736,External
2227,0.000393592,-1.018906975,External
2228,0.000857934,0.893830303,External
2229,0.00130282,-0.031728393,External
2230,0.000491652,-0.257393647,External
2231,0.000767875,-1.084363727,External
2232,0.000487829,-0.297351057,External
2233,0.001075296,-1.424018597,External
2234,0.000578083,-0.337679914,External
2235,0.000598868,-0.125077976,External
2236,0.001389878,-0.777917782,External
2237,0.000504438,-0.346212565,External
2238,0.001421098,3.641734764,External
2239,0.000407993,1.935649676,External
2240,0.000824713,-0.608393386,External
2241,0.000389113,0.247438234,External
2242,0.000485102,-1.41354259,External
2243,0.000595309,-0.018155571,External
2244,0.000801802,-0.777691151,External
2245,0.001020628,0.711457259,External
2246,0.00043865,-0.276567659,External
2247,0.001104176,-0.409548383,External
2248,0.000693301,1.512708261,External
2249,0.000701959,0.087603118,External
2250,0.000567734,-0.487357881,External
2251,0.000432606,-0.583485222,External
2252,0.00089588,0.723179733,External
2253,0.000632545,0.17370411,External
2254,0.000579414,-0.524764899,External
2255,0.000750684,-0.096295144,External
2256,0.000534723,-0.318171732,External
2257,0.000759824,-0.457793527,External
2258,0.000804889,-1.417506757,External
2259,0.000750684,-0.096295144,External
2260,0.001059988,-0.306935433,External
2261,0.000547964,2.557823537,External
2262,0.000419961,-0.876524623,External
2263,0.000391567,1.619313688,External
2264,0.000988769,0.385897892,External
2265,0.000430637,0.455198991,External
2266,0.000389319,1.497911201,External
2267,0.000674637,0.243994271,External
2268,0.000917974,-0.032267576,External
2269,0.00075217,-0.6412759,External
2270,0.000598161,0.25365085,External
2271,0.000612799,0.084701442,External
2272,0.000614733,0.751669737,External
2273,0.00048651,-0.284994473,External
2274,0.000427669,-0.622310028,External
2275,0.000603061,-0.18245482,External
2276,0.001467465,0.602008942,External
2277,0.001702817,0.004507689,External
2278,0.000404955,-0.452307152,External
2279,0.000575747,0.692665886,External
2280,0.000507865,-0.001980292,External
2281,0.000751425,-0.903663108,External
2282,0.000636371,0.948109215,External
2283,0.000682236,-0.967365927,External
2284,0.000499336,0.128847513,External
2285,0.000483755,-0.372726781,External
2286,0.012188317,7.330399803,External
2287,0.000389106,-0.138979248,External
2288,0.000459875,-0.559757164,External
2289,0.000585357,-1.039052992,External
2290,0.000485102,-0.20416928,External
2291,0.000389319,3.807317809,External
2292,0.000515967,-0.333277566,External
2293,0.000610349,-0.064017373,External
2294,0.000917974,0.607602792,External
2295,0.000425178,0.968039839,External
2296,0.000391675,0.316497395,External
2297,0.000561797,0.903414285,External
2298,0.000724921,-0.074134991,External
2299,0.000631299,-0.485287823,External
2300,0.000456705,-0.702315073,External
2301,0.000439974,-0.32557397,External
2302,0.000389613,-0.147911859,External
2303,0.000573297,0.194015661,External
2304,0.00062341,-0.073403909,External
2305,0.000478828,0.468292988,External
2306,0.000418172,-0.153279784,External
2307,0.000427588,-0.082740036,External
2308,0.000428779,-0.055718409,External
2309,0.00046033,0.117800683,External
2310,0.000400919,-1.215393566,External
2311,0.000506948,-2.420588589,External
2312,0.000426893,-0.18820861,External
2313,0.000442093,-0.17101404,External
2314,0.000389319,-0.481467616,External
2315,0.000871129,1.634393654,External
2316,0.000475647,1.212259572,External
2317,0.001092628,-0.495649386,External
2318,0.000501193,-0.053764612,External
2319,0.000835564,-1.222513017,External
2320,0.000573795,0.599092355,External
2321,0.001771859,-2.630275458,External
2322,0.000825098,1.816430601,External
2323,0.00075217,-3.659077799,External
2324,0.000398497,-0.259560661,External
2325,0.00075217,-3.659077799,External
2326,0.001017034,-1.461553917,External
2327,0.000504253,1.809433803,External
2328,0.001292409,-1.140132817,External
2329,0.012188317,7.330399803,External
2330,0.000430129,0.018241767,External
2331,0.001336759,-1.752210167,External
2332,0.000649857,0.437136276,External
2333,0.000637781,-0.295817493,External
2334,0.000570465,0.292858195,External
2335,0.000804889,-1.417506757,External
2336,0.000389554,-1.819217246,External
2337,0.000413547,-0.626580079,External
2338,0.0014556,-0.06837567,External
2339,0.000406791,0.167978992,External
2340,0.000473704,-0.738583745,External
2341,0.000724921,-0.605977785,External
2342,0.000621568,-0.025445477,External
2343,0.000861361,0.422498981,External
2344,0.021785956,17.34291493,External
2345,0.000521921,-0.425823099,External
2346,0.001165545,1.685531364,External
2347,0.000560198,0.373290234,External
2348,0.000587417,-0.635686065,External
2349,0.002094731,-0.744397848,External
2350,0.000418949,0.106150421,External
2351,0.000407993,1.352043065,External
2352,0.000559504,0.004153639,External
2353,0.000460698,-0.168535724,External
2354,0.000395906,0.520983996,External
2355,0.000712979,-0.309752958,External
2356,0.001106096,0.017039461,External
2357,0.000401606,0.433781388,External
2358,0.000493022,-0.630421817,External
2359,0.000673357,-1.136270379,External
2360,0.000491652,-0.24943102,External
2361,0.00060427,-0.108658805,External
2362,0.00063632,0.886779295,External
2363,0.000506948,-0.273508402,External
2364,0.000389797,-0.647347123,External
2365,0.000501809,0.101771441,External
2366,0.000537751,-0.718814919,External
2367,0.000389174,-0.212083894,External
2368,0.000804889,-1.417506757,External
2369,0.000523796,-0.86267982,External
2370,0.001660136,0.141543724,External
2371,0.000389323,-0.036784032,External
2372,0.001053092,-0.228626964,External
2373,0.000432156,-0.377558712,External
2374,0.000537751,-0.727725679,External
2375,0.001495149,0.074447622,External
2376,0.000636449,1.464477584,External
2377,0.000450528,2.674291057,External
2378,0.000574428,-0.467178156,External
2379,0.000673357,-0.560486133,External
2380,0.000896107,0.335000713,External
2381,0.000423421,2.304976773,External
2382,0.000392961,0.354770766,External
2383,0.000521722,0.549528688,External
2384,0.000436501,0.373407153,External
2385,0.000737926,-1.026081667,External
2386,0.000481827,-0.024776914,External
2387,0.00124328,0.709463789,External
2388,0.000392474,-0.260267737,External
2389,0.000523796,-0.86267982,External
2390,0.001524435,1.168840009,External
2391,0.001029859,-0.568454457,External
2392,0.000551127,-1.962507856,External
2393,0.00051606,0.833726622,External
2394,0.000423896,-1.364007622,External
2395,0.000794815,-1.343106514,External
2396,0.000395231,-0.06769863,External
2397,0.000975458,0.695011856,External
2398,0.00039309,0.13178562,External
2399,0.001383649,0.785625143,External
2400,0.000621284,-0.256727045,External
2401,0.00062341,-0.073403909,External
2402,0.000750684,-0.096295144,External
2403,0.000661766,0.041036415,External
2404,0.000501193,-0.053764612,External
2405,0.001148766,1.080052748,External
2406,0.00069473,-0.464461261,External
2407,0.000510163,0.093183185,External
2408,0.001508138,-0.426888982,External
2409,0.000541954,0.036808122,External
2410,0.000430814,0.179334256,External
2411,0.001463091,-1.538251854,External
2412,0.000854607,-0.43534851,External
2413,0.000390103,0.272504654,External
2414,0.000504253,-1.230967779,External
2415,0.001745303,-0.915072532,External
2416,0.000752619,-0.394610667,External
2417,0.001199289,-1.36553324,External
2418,0.000611094,-0.099764898,External
2419,0.001148422,-0.800702181,External
2420,0.000451942,0.068916891,External
2421,0.000581754,2.395861453,External
2422,0.00065534,0.225024334,External
2423,0.000411111,1.296488281,External
2424,0.000395367,0.433932658,External
2425,0.000445721,-0.327653748,External
2426,0.000389106,0.418842932,External
2427,0.001006861,0.954947647,External
2428,0.000504374,0.049233936,External
2429,0.000429959,0.456209688,External
2430,0.000533669,0.15300348,External
2431,0.000461376,-0.350726703,External
2432,0.000917974,0.217971113,External
2433,0.000414244,3.627157882,External
2434,0.000452088,-0.175229295,External
2435,0.000389106,0.418842932,External
2436,0.000390788,-0.935939,External
2437,0.000396242,0.026498826,External
2438,0.000543976,0.660390785,External
2439,0.001906024,1.950039074,External
2440,0.000765645,0.427376027,External
2441,0.000411054,-1.316598366,External
2442,0.001165545,0.596851891,External
2443,0.000827066,-1.304650477,External
2444,0.000534102,-0.757679869,External
2445,0.000839338,-0.814590171,External
2446,0.000488648,0.607245294,External
2447,0.001781912,1.565923961,External
2448,0.001463091,-1.538251854,External
2449,0.001297223,1.081180509,External
2450,0.000389332,-0.606080628,External
2451,0.000540271,-0.046859913,External
2452,0.001206702,2.911318961,External
2453,0.000504253,1.809433803,External
2454,0.000712979,-0.307705545,External
2455,0.001051588,-1.701076789,External
2456,0.001243746,0.838461213,External
2457,0.000406791,0.167978992,External
2458,0.000431651,-0.249426401,External
2459,0.000391662,-0.148866383,External
2460,0.000440941,0.849008297,External
2461,0.000984847,1.347449591,External
2462,0.000608098,0.265502083,External
2463,0.000496642,-0.43143585,External
2464,0.002121139,-0.654282728,External
2465,0.000566872,0.736635936,External
2466,0.000695408,0.237179677,External
2467,0.001414362,0.477475936,External
2468,0.000485102,-0.992365002,External
2469,0.000768036,1.56634082,External
2470,0.000961357,-0.770129099,External
2471,0.000512587,1.118777896,External
2472,0.000602821,-1.48169019,External
2473,0.021785956,17.34291493,External
2474,0.00083585,1.367178672,External
2475,0.000839338,-0.618523327,External
2476,0.000725072,0.134531934,External
2477,0.000464119,-1.06420863,External
2478,0.000434337,-0.058129289,External
2479,0.001595061,3.206515528,External
2480,0.00046419,-0.540218307,External
2481,0.000478828,0.468292988,External
2482,0.000445783,0.65675651,External
2483,0.000498088,0.777085832,External
2484,0.00174248,-3.522079886,External
2485,0.000475823,-0.010004716,External
2486,0.000607976,-0.855718393,External
2487,0.000485728,-0.257544862,External
2488,0.000561797,-0.561842676,External
2489,0.001206702,2.911318961,External
2490,0.000454721,0.605285639,External
2491,0.000608098,1.652435954,External
2492,0.000737926,-0.591711516,External
2493,0.000445721,-1.068669087,External
2494,0.000439974,-0.058839567,External
2495,0.0004943,0.515841376,External
2496,0.000917784,-1.495661084,External
2497,0.002014747,-0.554187452,External
2498,0.000569572,-0.136474384,External
2499,0.000537751,-0.647905284,External
2500,0.000511325,-0.525661657,External
2501,0.00044481,-0.136781347,External
2502,0.001406478,-0.655239861,External
2503,0.000629471,0.061589204,External
2504,0.000768036,0.449956773,External
2505,0.000418172,-0.150219352,External
2506,0.000415813,-0.545384022,External
2507,0.000400109,0.440891003,External
2508,0.000458072,0.689875951,External
2509,0.00039385,0.231013573,External
2510,0.000603882,-0.85803098,External
2511,0.0008445,-1.65790858,External
2512,0.00211678,1.661065698,External
2513,0.000584133,0.556970642,External
2514,0.000622987,0.235127715,External
2515,0.000768036,1.990603227,External
2516,0.00040912,2.418076366,External
2517,0.0008802,-0.497342065,External
2518,0.000429302,1.359049039,External
2519,0.000938363,-1.442467369,External
2520,0.000390672,-1.034600765,External
2521,0.000674981,0.177118366,External
2522,0.000491652,-0.599983011,External
2523,0.00120357,-0.229345145,External
2524,0.000614733,0.497669705,External
2525,0.00046419,-0.540218307,External
2526,0.000828303,-0.264764822,External
2527,0.000767875,-1.396504247,External
2528,0.000654323,0.032728543,External
2529,0.000430468,-1.371528708,External
2530,0.000389319,-2.326741995,External
2531,0.000600433,0.109770104,External
2532,0.000673357,-1.078241843,External
2533,0.000403231,0.49502738,External
2534,0.000718827,-1.019293133,External
2535,0.000835564,-1.222513017,External
2536,0.000472938,0.75061997,External
2537,0.000637781,0.09051316,External
2538,0.000515967,-0.003075657,External
2539,0.000575634,1.567345357,External
2540,0.00076061,0.474794588,External
2541,0.000455944,-1.243570285,External
2542,0.000389425,0.501516954,External
2543,0.003080682,2.330041133,External
2544,0.000546875,-0.175212714,External
2545,0.000537751,0.760425981,External
2546,0.000922727,-1.874130913,External
2547,0.001006861,0.954947647,External
2548,0.000680413,0.506476481,External
2549,0.000525048,0.002965808,External
2550,0.000473186,-0.785533,External
2551,0.000436318,-1.751430582,External
2552,0.000603882,-0.85803098,External
2553,0.000435171,0.393309868,External
2554,0.000543976,0.660390785,External
2555,0.001850817,1.851562603,External
2556,0.001017241,0.217784246,External
2557,0.000547173,-0.067483598,External
2558,0.000390172,-0.191995909,External
2559,0.000730706,2.963516681,External
2560,0.000472558,0.421899721,External
2561,0.000432831,-0.626219109,External
2562,0.001569521,0.166539615,External
2563,0.000462309,-2.021541094,External
2564,0.000393667,-0.276361478,External
2565,0.000406791,0.167978992,External
2566,0.001148422,-0.800702181,External
2567,0.001071164,0.515833142,External
2568,0.000392837,-0.11371518,External
2569,0.000823548,0.099471698,External
2570,0.000615775,-1.331202862,External